departure_city,arrival_city,departure_station,arrival_station,travel_time,departure_coordinates,arrival_coordinates
Rouen,Oissel,Rouen Rive Droite,Oissel,9,"49.4486630,1.09410300","49.3430850,1.10193700"
Oissel,Val-de-Reuil,Oissel,Val-de-Reuil,8,"49.3430850,1.10193700","49.2754370,1.22414700"
Val-de-Reuil,Le Val d'Hazey,Val-de-Reuil,Gaillon - Aubevoye,9,"49.2754370,1.22414700","49.1746640,1.35260900"
Le Val d'Hazey,Vernon,Gaillon - Aubevoye,Vernon - Giverny,8,"49.1746640,1.35260900","49.0915730,1.47829700"
Vernon,Mantes-la-Jolie,Vernon - Giverny,Mantes-la-Jolie,17,"49.0915730,1.47829700","48.9898400,1.70337000"
Mantes-la-Jolie,Paris,Mantes-la-Jolie,Paris Saint-Lazare,42,"48.9898400,1.70337000","48.8762420,2.32533100"
Paris,Vernon,Paris Saint-Lazare,Vernon - Giverny,52,"48.8762420,2.32533100","49.0915730,1.47829700"
Vernon,Le Val d'Hazey,Vernon - Giverny,Gaillon - Aubevoye,8,"49.0915730,1.47829700","49.1746640,1.35260900"
Le Val d'Hazey,Val-de-Reuil,Gaillon - Aubevoye,Val-de-Reuil,9,"49.1746640,1.35260900","49.2754370,1.22414700"
Val-de-Reuil,Alizay,Val-de-Reuil,Pont-de-l'Arche,5,"49.2754370,1.22414700","49.3171430,1.15966900"
Alizay,Oissel,Pont-de-l'Arche,Oissel,4,"49.3171430,1.15966900","49.3430850,1.10193700"
Oissel,Rouen,Oissel,Rouen Rive Droite,10,"49.3430850,1.10193700","49.4486630,1.09410300"
Paris,Mantes-la-Jolie,Paris Saint-Lazare,Mantes-la-Jolie,38,"48.8762420,2.32533100","48.9898400,1.70337000"
Mantes-la-Jolie,Vernon,Mantes-la-Jolie,Vernon - Giverny,17,"48.9898400,1.70337000","49.0915730,1.47829700"
Vernon,Bonnières-sur-Seine,Vernon - Giverny,Bonnières,7,"49.0915730,1.47829700","49.0386540,1.58163000"
Bonnières-sur-Seine,Rosny-sur-Seine,Bonnières,Rosny-sur-Seine,9,"49.0386540,1.58163000","48.9973110,1.63012100"
Rosny-sur-Seine,Mantes-la-Jolie,Rosny-sur-Seine,Mantes-la-Jolie,5,"48.9973110,1.63012100","48.9898400,1.70337000"
Mantes-la-Jolie,Rosny-sur-Seine,Mantes-la-Jolie,Rosny-sur-Seine,7,"48.9898400,1.70337000","48.9973110,1.63012100"
Rosny-sur-Seine,Bonnières-sur-Seine,Rosny-sur-Seine,Bonnières,9,"48.9973110,1.63012100","49.0386540,1.58163000"
Bonnières-sur-Seine,Vernon,Bonnières,Vernon - Giverny,6,"49.0386540,1.58163000","49.0915730,1.47829700"
Vernon,Paris,Vernon - Giverny,Paris Saint-Lazare,63,"49.0915730,1.47829700","48.8762420,2.32533100"
Val-de-Reuil,Oissel,Val-de-Reuil,Oissel,8,"49.2754370,1.22414700","49.3430850,1.10193700"
Oissel,Alizay,Oissel,Pont-de-l'Arche,4,"49.3430850,1.10193700","49.3171430,1.15966900"
Alizay,Val-de-Reuil,Pont-de-l'Arche,Val-de-Reuil,5,"49.3171430,1.15966900","49.2754370,1.22414700"
Orléans,Fleury-les-Aubrais,Orléans,Les Aubrais,4,"47.9078910,1.90424200","47.9268010,1.90712900"
Fleury-les-Aubrais,Paris,Les Aubrais,Paris Austerlitz,59,"47.9268010,1.90712900","48.8422850,2.36489100"
Paris,Fleury-les-Aubrais,Paris Austerlitz,Les Aubrais,58,"48.8422850,2.36489100","47.9268010,1.90712900"
Fleury-les-Aubrais,Orléans,Les Aubrais,Orléans,4,"47.9268010,1.90712900","47.9078910,1.90424200"
Fleury-les-Aubrais,Blois,Les Aubrais,Blois - Chambord,22,"47.9268010,1.90712900","47.5854490,1.32375900"
Blois,Veuzain-sur-Loire,Blois - Chambord,Onzain - Chaumont-sur-Loire,8,"47.5854490,1.32375900","47.4920300,1.18609400"
Veuzain-sur-Loire,Amboise,Onzain - Chaumont-sur-Loire,Amboise,9,"47.4920300,1.18609400","47.4214690,0.98176700"
Amboise,Saint-Pierre-des-Corps,Amboise,Saint-Pierre-des-Corps,14,"47.4214690,0.98176700","47.3861400,0.72353900"
Saint-Pierre-des-Corps,Tours,Saint-Pierre-des-Corps,Tours,4,"47.3861400,0.72353900","47.3898750,0.69283600"
Tours,Saint-Pierre-des-Corps,Tours,Saint-Pierre-des-Corps,6,"47.3898750,0.69283600","47.3861400,0.72353900"
Saint-Pierre-des-Corps,Amboise,Saint-Pierre-des-Corps,Amboise,13,"47.3861400,0.72353900","47.4214690,0.98176700"
Amboise,Veuzain-sur-Loire,Amboise,Onzain - Chaumont-sur-Loire,9,"47.4214690,0.98176700","47.4920300,1.18609400"
Veuzain-sur-Loire,Blois,Onzain - Chaumont-sur-Loire,Blois - Chambord,10,"47.4920300,1.18609400","47.5854490,1.32375900"
Blois,Fleury-les-Aubrais,Blois - Chambord,Les Aubrais,25,"47.5854490,1.32375900","47.9268010,1.90712900"
Blois,Mer,Blois - Chambord,Mer,10,"47.5854490,1.32375900","47.7058940,1.50636300"
Mer,Beaugency,Mer,Beaugency,7,"47.7058940,1.50636300","47.7784040,1.62594400"
Beaugency,Meung-sur-Loire,Beaugency,Meung-sur-Loire,5,"47.7784040,1.62594400","47.8299540,1.69192100"
Meung-sur-Loire,Orléans,Meung-sur-Loire,Orléans,13,"47.8299540,1.69192100","47.9078910,1.90424200"
Meung-sur-Loire,Fleury-les-Aubrais,Meung-sur-Loire,Les Aubrais,10,"47.8299540,1.69192100","47.9268010,1.90712900"
Calais,Boulogne-sur-Mer,Calais Ville,Boulogne sur Mer,24,"50.9534660,1.85088500","50.7157930,1.60973600"
Boulogne-sur-Mer,Étaples,Boulogne sur Mer,Étaples - Le Touquet,14,"50.7157930,1.60973600","50.5170220,1.64190900"
Étaples,Rang-du-Fliers,Étaples - Le Touquet,Rang-du-Fliers - Verton - Berck,7,"50.5170220,1.64190900","50.4158450,1.64804800"
Rang-du-Fliers,Rue,Rang-du-Fliers - Verton - Berck,Rue,9,"50.4158450,1.64804800","50.2731470,1.67569700"
Rue,Noyelles-sur-Mer,Rue,Noyelles-sur-Mer,6,"50.2731470,1.67569700","50.1873050,1.70453000"
Noyelles-sur-Mer,Abbeville,Noyelles-sur-Mer,Abbeville,8,"50.1873050,1.70453000","50.1021750,1.82453800"
Abbeville,Amiens,Abbeville,Amiens,26,"50.1021750,1.82453800","49.8905840,2.30827700"
Amiens,Longueau,Amiens,Longueau,4,"49.8905840,2.30827700","49.8646780,2.34993700"
Longueau,Paris,Longueau,Paris Gare du Nord,60,"49.8646780,2.34993700","48.8801360,2.35485100"
Longueau,Saint-Just-en-Chaussée,Longueau,Saint-Just-en-Chaussée,22,"49.8646780,2.34993700","49.5034860,2.42958000"
Saint-Just-en-Chaussée,Clermont,Saint-Just-en-Chaussée,Clermont de l'Oise,8,"49.5034860,2.42958000","49.3849830,2.41772700"
Clermont,Creil,Clermont de l'Oise,Creil,9,"49.3849830,2.41772700","49.2646160,2.47081900"
Creil,Paris,Creil,Paris Gare du Nord,29,"49.2646160,2.47081900","48.8801360,2.35485100"
Paris,Creil,Paris Gare du Nord,Creil,26,"48.8801360,2.35485100","49.2646160,2.47081900"
Creil,Longueau,Creil,Longueau,36,"49.2646160,2.47081900","49.8646780,2.34993700"
Longueau,Amiens,Longueau,Amiens,4,"49.8646780,2.34993700","49.8905840,2.30827700"
Amiens,Abbeville,Amiens,Abbeville,25,"49.8905840,2.30827700","50.1021750,1.82453800"
Abbeville,Noyelles-sur-Mer,Abbeville,Noyelles-sur-Mer,8,"50.1021750,1.82453800","50.1873050,1.70453000"
Noyelles-sur-Mer,Rue,Noyelles-sur-Mer,Rue,6,"50.1873050,1.70453000","50.2731470,1.67569700"
Rue,Rang-du-Fliers,Rue,Rang-du-Fliers - Verton - Berck,9,"50.2731470,1.67569700","50.4158450,1.64804800"
Rang-du-Fliers,Étaples,Rang-du-Fliers - Verton - Berck,Étaples - Le Touquet,7,"50.4158450,1.64804800","50.5170220,1.64190900"
Étaples,Boulogne-sur-Mer,Étaples - Le Touquet,Boulogne sur Mer,16,"50.5170220,1.64190900","50.7157930,1.60973600"
Paris,Longueau,Paris Gare du Nord,Longueau,70,"48.8801360,2.35485100","49.8646780,2.34993700"
Boulogne-sur-Mer,Calais,Boulogne sur Mer,Calais Ville,30,"50.7157930,1.60973600","50.9534660,1.85088500"
Boulogne-sur-Mer,Rinxent,Boulogne sur Mer,Marquise - Rinxent,9,"50.7157930,1.60973600","50.8066360,1.73011600"
Rinxent,Calais,Marquise - Rinxent,Calais Ville,24,"50.8066360,1.73011600","50.9534660,1.85088500"
Lille,Douai,Lille Flandres,Douai,18,"50.6365770,3.06987000","50.3716730,3.08995800"
Douai,Arras,Douai,Arras,14,"50.3716730,3.08995800","50.2868110,2.78015900"
Arras,Longueau,Arras,Longueau,34,"50.2868110,2.78015900","49.8646780,2.34993700"
Longueau,Creil,Longueau,Creil,33,"49.8646780,2.34993700","49.2646160,2.47081900"
Douai,Creil,Douai,Creil,104,"50.3716730,3.08995800","49.2646160,2.47081900"
Longueau,Arras,Longueau,Arras,33,"49.8646780,2.34993700","50.2868110,2.78015900"
Arras,Douai,Arras,Douai,12,"50.2868110,2.78015900","50.3716730,3.08995800"
Douai,Lille,Douai,Lille Flandres,22,"50.3716730,3.08995800","50.6365770,3.06987000"
Creil,Douai,Creil,Douai,103,"49.2646160,2.47081900","50.3716730,3.08995800"
Cambrai,Caudry,Cambrai,Caudry,12,"50.1765820,3.24119700","50.1116760,3.40933400"
Caudry,Busigny,Caudry,Busigny,7,"50.1116760,3.40933400","50.0395470,3.44643600"
Busigny,Saint-Quentin,Busigny,Saint-Quentin,14,"50.0395470,3.44643600","49.8405860,3.29770400"
Saint-Quentin,Compiègne,Saint-Quentin,Compiègne,34,"49.8405860,3.29770400","49.4219420,2.82364800"
Compiègne,Paris,Compiègne,Paris Gare du Nord,41,"49.4219420,2.82364800","48.8801360,2.35485100"
Paris,Compiègne,Paris Gare du Nord,Compiègne,41,"48.8801360,2.35485100","49.4219420,2.82364800"
Compiègne,Saint-Quentin,Compiègne,Saint-Quentin,33,"49.4219420,2.82364800","49.8405860,3.29770400"
Saint-Quentin,Aulnoye-Aymeries,Saint-Quentin,Aulnoye-Aymeries,29,"49.8405860,3.29770400","50.1977520,3.84343400"
Aulnoye-Aymeries,Maubeuge,Aulnoye-Aymeries,Maubeuge,12,"50.1977520,3.84343400","50.2729520,3.96676500"
Maubeuge,Aulnoye-Aymeries,Maubeuge,Aulnoye-Aymeries,10,"50.2729520,3.96676500","50.1977520,3.84343400"
Aulnoye-Aymeries,Saint-Quentin,Aulnoye-Aymeries,Saint-Quentin,29,"50.1977520,3.84343400","49.8405860,3.29770400"
Creil,Pont-Sainte-Maxence,Creil,Pont-Sainte-Maxence,7,"49.2646160,2.47081900","49.3097360,2.60289300"
Pont-Sainte-Maxence,Compiègne,Pont-Sainte-Maxence,Compiègne,12,"49.3097360,2.60289300","49.4219420,2.82364800"
Compiègne,Noyon,Compiègne,Noyon,12,"49.4219420,2.82364800","49.5776560,3.00747000"
Noyon,Chauny,Noyon,Chauny,10,"49.5776560,3.00747000","49.6111650,3.22348400"
Chauny,Tergnier,Chauny,Tergnier,6,"49.6111650,3.22348400","49.6597030,3.29746700"
Tergnier,Saint-Quentin,Tergnier,Saint-Quentin,12,"49.6597030,3.29746700","49.8405860,3.29770400"
Saint-Quentin,Busigny,Saint-Quentin,Busigny,14,"49.8405860,3.29770400","50.0395470,3.44643600"
Busigny,Caudry,Busigny,Caudry,8,"50.0395470,3.44643600","50.1116760,3.40933400"
Caudry,Cambrai,Caudry,Cambrai,12,"50.1116760,3.40933400","50.1765820,3.24119700"
Saint-Quentin,Tergnier,Saint-Quentin,Tergnier,11,"49.8405860,3.29770400","49.6597030,3.29746700"
Tergnier,Chauny,Tergnier,Chauny,6,"49.6597030,3.29746700","49.6111650,3.22348400"
Chauny,Noyon,Chauny,Noyon,9,"49.6111650,3.22348400","49.5776560,3.00747000"
Noyon,Compiègne,Noyon,Compiègne,12,"49.5776560,3.00747000","49.4219420,2.82364800"
Compiègne,Pont-Sainte-Maxence,Compiègne,Pont-Sainte-Maxence,11,"49.4219420,2.82364800","49.3097360,2.60289300"
Pont-Sainte-Maxence,Creil,Pont-Sainte-Maxence,Creil,8,"49.3097360,2.60289300","49.2646160,2.47081900"
Saint-Quentin,Le Cateau-Cambrésis,Saint-Quentin,Le Cateau,18,"49.8405860,3.29770400","50.0917430,3.54016500"
Le Cateau-Cambrésis,Aulnoye-Aymeries,Le Cateau,Aulnoye-Aymeries,12,"50.0917430,3.54016500","50.1977520,3.84343400"
Aulnoye-Aymeries,Le Cateau-Cambrésis,Aulnoye-Aymeries,Le Cateau,13,"50.1977520,3.84343400","50.0917430,3.54016500"
Le Cateau-Cambrésis,Saint-Quentin,Le Cateau,Saint-Quentin,17,"50.0917430,3.54016500","49.8405860,3.29770400"
Argentan,Le Château-d'Almenêches,Argentan,Surdon,9,"48.7385450,-0.0252910","48.6647690,0.13441000"
Le Château-d'Almenêches,L'Aigle,Surdon,L'Aigle,24,"48.6647690,0.13441000","48.7662290,0.62001400"
L'Aigle,Verneuil d'Avre et d'Iton,L'Aigle,Verneuil-sur-Avre,15,"48.7662290,0.62001400","48.7424860,0.92919200"
Verneuil d'Avre et d'Iton,Nonancourt,Verneuil-sur-Avre,Nonancourt,12,"48.7424860,0.92919200","48.7757600,1.19283700"
Nonancourt,Dreux,Nonancourt,Dreux,10,"48.7757600,1.19283700","48.7314920,1.37016400"
Dreux,Paris,Dreux,Paris Montparnasse Vaugirard,50,"48.7314920,1.37016400","48.8411720,2.32051400"
Le Château-d'Almenêches,Sainte-Gauburge-Sainte-Colombe,Surdon,Sainte-Gauburge,16,"48.6647690,0.13441000","48.7172820,0.42816400"
Sainte-Gauburge-Sainte-Colombe,L'Aigle,Sainte-Gauburge,L'Aigle,10,"48.7172820,0.42816400","48.7662290,0.62001400"
Dreux,Paris,Dreux,Paris Montparnasse Hall 1 - 2,47,"48.7314920,1.37016400","48.8411720,2.32051400"
Paris,Dreux,Paris Montparnasse Hall 1 - 2,Dreux,46,"48.8411720,2.32051400","48.7314920,1.37016400"
Dreux,Nonancourt,Dreux,Nonancourt,9,"48.7314920,1.37016400","48.7757600,1.19283700"
Nonancourt,Verneuil d'Avre et d'Iton,Nonancourt,Verneuil-sur-Avre,13,"48.7757600,1.19283700","48.7424860,0.92919200"
Verneuil d'Avre et d'Iton,L'Aigle,Verneuil-sur-Avre,L'Aigle,15,"48.7424860,0.92919200","48.7662290,0.62001400"
L'Aigle,Sainte-Gauburge-Sainte-Colombe,L'Aigle,Sainte-Gauburge,12,"48.7662290,0.62001400","48.7172820,0.42816400"
Sainte-Gauburge-Sainte-Colombe,Le Château-d'Almenêches,Sainte-Gauburge,Surdon,16,"48.7172820,0.42816400","48.6647690,0.13441000"
Le Château-d'Almenêches,Argentan,Surdon,Argentan,11,"48.6647690,0.13441000","48.7385450,-0.0252910"
Le Mans,Beillé,Le Mans,Connerré - Beillé,12,"47.9956150,0.19261400","48.0737100,0.48689600"
Beillé,La Ferté-Bernard,Connerré - Beillé,La Ferté-Bernard,9,"48.0737100,0.48689600","48.1865270,0.63938000"
La Ferté-Bernard,Nogent-le-Rotrou,La Ferté-Bernard,Nogent-le-Rotrou,12,"48.1865270,0.63938000","48.3257650,0.81031300"
Nogent-le-Rotrou,La Loupe,Nogent-le-Rotrou,La Loupe,14,"48.3257650,0.81031300","48.4738280,1.01089800"
La Loupe,Courville-sur-Eure,La Loupe,Courville-sur-Eure,9,"48.4738280,1.01089800","48.4513360,1.23490200"
Courville-sur-Eure,Chartres,Courville-sur-Eure,Chartres,11,"48.4513360,1.23490200","48.4482020,1.48131300"
Chartres,Maintenon,Chartres,Maintenon,10,"48.4482020,1.48131300","48.5854790,1.59206500"
Maintenon,Épernon,Maintenon,Épernon,5,"48.5854790,1.59206500","48.6052040,1.68136400"
Épernon,Rambouillet,Épernon,Rambouillet,8,"48.6052040,1.68136400","48.6437700,1.83154000"
Rambouillet,Versailles,Rambouillet,Versailles Chantiers,20,"48.6437700,1.83154000","48.7958260,2.13588300"
Versailles,Paris,Versailles Chantiers,Paris Montparnasse Hall 1 - 2,12,"48.7958260,2.13588300","48.8411720,2.32051400"
Chartres,Versailles,Chartres,Versailles Chantiers,43,"48.4482020,1.48131300","48.7958260,2.13588300"
Paris,Versailles,Paris Montparnasse Hall 1 - 2,Versailles Chantiers,11,"48.8411720,2.32051400","48.7958260,2.13588300"
Versailles,Rambouillet,Versailles Chantiers,Rambouillet,18,"48.7958260,2.13588300","48.6437700,1.83154000"
Rambouillet,Épernon,Rambouillet,Épernon,8,"48.6437700,1.83154000","48.6052040,1.68136400"
Épernon,Maintenon,Épernon,Maintenon,6,"48.6052040,1.68136400","48.5854790,1.59206500"
Maintenon,Chartres,Maintenon,Chartres,12,"48.5854790,1.59206500","48.4482020,1.48131300"
Chartres,Courville-sur-Eure,Chartres,Courville-sur-Eure,10,"48.4482020,1.48131300","48.4513360,1.23490200"
Courville-sur-Eure,La Loupe,Courville-sur-Eure,La Loupe,9,"48.4513360,1.23490200","48.4738280,1.01089800"
La Loupe,Nogent-le-Rotrou,La Loupe,Nogent-le-Rotrou,13,"48.4738280,1.01089800","48.3257650,0.81031300"
Nogent-le-Rotrou,La Ferté-Bernard,Nogent-le-Rotrou,La Ferté-Bernard,11,"48.3257650,0.81031300","48.1865270,0.63938000"
La Ferté-Bernard,Beillé,La Ferté-Bernard,Connerré - Beillé,10,"48.1865270,0.63938000","48.0737100,0.48689600"
Beillé,Le Mans,Connerré - Beillé,Le Mans,13,"48.0737100,0.48689600","47.9956150,0.19261400"
Le Mans,Nogent-le-Rotrou,Le Mans,Nogent-le-Rotrou,30,"47.9956150,0.19261400","48.3257650,0.81031300"
Versailles,Épernon,Versailles Chantiers,Épernon,23,"48.7958260,2.13588300","48.6052040,1.68136400"
Nogent-le-Rotrou,Val-au-Perche,Nogent-le-Rotrou,Le Theil - La Rouge,8,"48.3257650,0.81031300","48.2672910,0.69437600"
Val-au-Perche,La Ferté-Bernard,Le Theil - La Rouge,La Ferté-Bernard,7,"48.2672910,0.69437600","48.1865270,0.63938000"
Dijon,Venarey-les-Laumes,Dijon,Les Laumes - Alésia,28,"47.3234110,5.02725600","47.5430540,4.46260200"
Venarey-les-Laumes,Montbard,Les Laumes - Alésia,Montbard,8,"47.5430540,4.46260200","47.6187410,4.33621200"
Montbard,Nuits,Montbard,Nuits sous Ravières,9,"47.6187410,4.33621200","47.7293070,4.21170900"
Nuits,Tonnerre,Nuits sous Ravières,Tonnerre,14,"47.7293070,4.21170900","47.8593800,3.97355000"
Tonnerre,Vergigny,Tonnerre,Saint-Florentin - Vergigny,12,"47.8593800,3.97355000","47.9810580,3.73103600"
Vergigny,Migennes,Saint-Florentin - Vergigny,Laroche - Migennes,9,"47.9810580,3.73103600","47.9609980,3.51319100"
Migennes,Joigny,Laroche - Migennes,Joigny,6,"47.9609980,3.51319100","47.9738550,3.39299700"
Joigny,Sens,Joigny,Sens,16,"47.9738550,3.39299700","48.1978560,3.26783300"
Sens,Paris,Sens,Paris Bercy Bourg. Pays d'Auv.,74,"48.1978560,3.26783300","48.8392150,2.38279100"
Mâcon,Tournus,Mâcon,Tournus,17,"46.3025720,4.82488700","46.5667240,4.90656200"
Tournus,Chalon-sur-Saône,Tournus,Chalon-sur-Saône,13,"46.5667240,4.90656200","46.7816220,4.84347900"
Chalon-sur-Saône,Chagny,Chalon-sur-Saône,Chagny,9,"46.7816220,4.84347900","46.9074240,4.74961300"
Chagny,Beaune,Chagny,Beaune,8,"46.9074240,4.74961300","47.0230140,4.84842300"
Beaune,Dijon,Beaune,Dijon,20,"47.0230140,4.84842300","47.3234110,5.02725600"
Sens,Paris,Sens,Paris Gare de Lyon Hall 1 - 2,56,"48.1978560,3.26783300","48.8449450,2.37348100"
Lyon,Lyon,Lyon Perrache,Lyon Part Dieu,8,"45.7485080,4.82577700","45.7605960,4.85940900"
Lyon,Saint-Germain-au-Mont-d'Or,Lyon Part Dieu,Saint-Germain-au-Mont-d'Or,12,"45.7605960,4.85940900","45.8884310,4.80420600"
Saint-Germain-au-Mont-d'Or,Villefranche-sur-Saône,Saint-Germain-au-Mont-d'Or,Villefranche-sur-Saône,8,"45.8884310,4.80420600","45.9844820,4.72079800"
Villefranche-sur-Saône,Belleville-en-Beaujolais,Villefranche-sur-Saône,Belleville sur Sâone,7,"45.9844820,4.72079800","46.1119520,4.72901100"
Belleville-en-Beaujolais,Mâcon,Belleville sur Sâone,Mâcon,14,"46.1119520,4.72901100","46.3025720,4.82488700"
Paris,Sens,Paris Bercy Bourg. Pays d'Auv.,Sens,55,"48.8392150,2.38279100","48.1978560,3.26783300"
Sens,Joigny,Sens,Joigny,16,"48.1978560,3.26783300","47.9738550,3.39299700"
Joigny,Migennes,Joigny,Laroche - Migennes,7,"47.9738550,3.39299700","47.9609980,3.51319100"
Migennes,Vergigny,Laroche - Migennes,Saint-Florentin - Vergigny,9,"47.9609980,3.51319100","47.9810580,3.73103600"
Vergigny,Tonnerre,Saint-Florentin - Vergigny,Tonnerre,11,"47.9810580,3.73103600","47.8593800,3.97355000"
Tonnerre,Nuits,Tonnerre,Nuits sous Ravières,14,"47.8593800,3.97355000","47.7293070,4.21170900"
Nuits,Montbard,Nuits sous Ravières,Montbard,10,"47.7293070,4.21170900","47.6187410,4.33621200"
Montbard,Venarey-les-Laumes,Montbard,Les Laumes - Alésia,8,"47.6187410,4.33621200","47.5430540,4.46260200"
Venarey-les-Laumes,Dijon,Les Laumes - Alésia,Dijon,28,"47.5430540,4.46260200","47.3234110,5.02725600"
Dijon,Beaune,Dijon,Beaune,19,"47.3234110,5.02725600","47.0230140,4.84842300"
Beaune,Chagny,Beaune,Chagny,9,"47.0230140,4.84842300","46.9074240,4.74961300"
Chagny,Chalon-sur-Saône,Chagny,Chalon-sur-Saône,9,"46.9074240,4.74961300","46.7816220,4.84347900"
Chalon-sur-Saône,Tournus,Chalon-sur-Saône,Tournus,13,"46.7816220,4.84347900","46.5667240,4.90656200"
Tournus,Mâcon,Tournus,Mâcon,17,"46.5667240,4.90656200","46.3025720,4.82488700"
Mâcon,Belleville-en-Beaujolais,Mâcon,Belleville sur Sâone,12,"46.3025720,4.82488700","46.1119520,4.72901100"
Belleville-en-Beaujolais,Villefranche-sur-Saône,Belleville sur Sâone,Villefranche-sur-Saône,8,"46.1119520,4.72901100","45.9844820,4.72079800"
Villefranche-sur-Saône,Saint-Germain-au-Mont-d'Or,Villefranche-sur-Saône,Saint-Germain-au-Mont-d'Or,7,"45.9844820,4.72079800","45.8884310,4.80420600"
Saint-Germain-au-Mont-d'Or,Lyon,Saint-Germain-au-Mont-d'Or,Lyon Part Dieu,13,"45.8884310,4.80420600","45.7605960,4.85940900"
Paris,Sens,Paris Gare de Lyon Hall 1 - 2,Sens,56,"48.8449450,2.37348100","48.1978560,3.26783300"
Lyon,Lyon,Lyon Part Dieu,Lyon Perrache,8,"45.7605960,4.85940900","45.7485080,4.82577700"
Saint-Germain-au-Mont-d'Or,Lyon,Saint-Germain-au-Mont-d'Or,Lyon Perrache,17,"45.8884310,4.80420600","45.7485080,4.82577700"
Creil,Clermont,Creil,Clermont de l'Oise,9,"49.2646160,2.47081900","49.3849830,2.41772700"
Clermont,Saint-Just-en-Chaussée,Clermont de l'Oise,Saint-Just-en-Chaussée,9,"49.3849830,2.41772700","49.5034860,2.42958000"
Saint-Just-en-Chaussée,Longueau,Saint-Just-en-Chaussée,Longueau,24,"49.5034860,2.42958000","49.8646780,2.34993700"
Le Havre,Bréauté,Le Havre,Bréauté - Beuzeville,14,"49.4926240,0.12464400","49.6033960,0.41748900"
Bréauté,Yvetot,Bréauté - Beuzeville,Yvetot,13,"49.6033960,0.41748900","49.6221150,0.75013900"
Yvetot,Rouen,Yvetot,Rouen Rive Droite,23,"49.6221150,0.75013900","49.4486630,1.09410300"
Rouen,Paris,Rouen Rive Droite,Paris Saint-Lazare,87,"49.4486630,1.09410300","48.8762420,2.32533100"
Paris,Rouen,Paris Saint-Lazare,Rouen Rive Droite,77,"48.8762420,2.32533100","49.4486630,1.09410300"
Rouen,Yvetot,Rouen Rive Droite,Yvetot,20,"49.4486630,1.09410300","49.6221150,0.75013900"
Yvetot,Bréauté,Yvetot,Bréauté - Beuzeville,12,"49.6221150,0.75013900","49.6033960,0.41748900"
Bréauté,Le Havre,Bréauté - Beuzeville,Le Havre,14,"49.6033960,0.41748900","49.4926240,0.12464400"
Rouen,Le Havre,Rouen Rive Droite,Le Havre,43,"49.4486630,1.09410300","49.4926240,0.12464400"
Moulins,Varennes-sur-Allier,Moulins sur Allier,Varennes-sur-Allier,33,"46.5613940,3.33878200","46.3155000,3.39423900"
Varennes-sur-Allier,Saint-Germain-des-Fossés,Varennes-sur-Allier,Saint-Germain-des-Fossés,20,"46.3155000,3.39423900","46.2092390,3.43057400"
Saint-Germain-des-Fossés,Vichy,Saint-Germain-des-Fossés,Vichy,25,"46.2092390,3.43057400","46.1269910,3.43047600"
Le Havre,Rouen,Le Havre,Rouen Rive Droite,45,"49.4926240,0.12464400","49.4486630,1.09410300"
Dieppe,Val-de-Scie,Dieppe,Auffay,17,"49.9217880,1.08113300","49.7160910,1.09842400"
Val-de-Scie,Clères,Auffay,Clères,11,"49.7160910,1.09842400","49.5991130,1.10617500"
Clères,Eslettes,Clères,Montville,5,"49.5991130,1.10617500","49.5512840,1.07004600"
Eslettes,Rouen,Montville,Rouen Rive Droite,13,"49.5512840,1.07004600","49.4486630,1.09410300"
Rouen,Eslettes,Rouen Rive Droite,Montville,10,"49.4486630,1.09410300","49.5512840,1.07004600"
Eslettes,Clères,Montville,Clères,5,"49.5512840,1.07004600","49.5991130,1.10617500"
Clères,Val-de-Scie,Clères,Auffay,9,"49.5991130,1.10617500","49.7160910,1.09842400"
Val-de-Scie,Dieppe,Auffay,Dieppe,17,"49.7160910,1.09842400","49.9217880,1.08113300"
Paris,Évreux,Paris Saint-Lazare,Évreux Normandie,76,"48.8762420,2.32533100","49.0187480,1.14962900"
Évreux,Bernay,Évreux Normandie,Bernay,35,"49.0187480,1.14962900","49.0871160,0.59568800"
Bernay,Lisieux,Bernay,Lisieux,22,"49.0871160,0.59568800","49.1382990,0.23114300"
Lisieux,Caen,Lisieux,Caen,25,"49.1382990,0.23114300","49.1763540,-0.3476130"
Caen,Bayeux,Caen,Bayeux,16,"49.1763540,-0.3476130","49.2697290,-0.6981000"
Bayeux,Moon-sur-Elle,Bayeux,Lison,13,"49.2697290,-0.6981000","49.2268340,-1.0503390"
Moon-sur-Elle,Carentan-les-Marais,Lison,Carentan,11,"49.2268340,-1.0503390","49.3024820,-1.2449380"
Carentan-les-Marais,Valognes,Carentan,Valognes,14,"49.3024820,-1.2449380","49.5054540,-1.4798600"
Valognes,Cherbourg-en-Cotentin,Valognes,Cherbourg,16,"49.5054540,-1.4798600","49.6335180,-1.6214870"
Caen,Paris,Caen,Paris Saint-Lazare,117,"49.1763540,-0.3476130","48.8762420,2.32533100"
Cherbourg-en-Cotentin,Valognes,Cherbourg,Valognes,15,"49.6335180,-1.6214870","49.5054540,-1.4798600"
Valognes,Carentan-les-Marais,Valognes,Carentan,12,"49.5054540,-1.4798600","49.3024820,-1.2449380"
Carentan-les-Marais,Moon-sur-Elle,Carentan,Lison,10,"49.3024820,-1.2449380","49.2268340,-1.0503390"
Moon-sur-Elle,Bayeux,Lison,Bayeux,13,"49.2268340,-1.0503390","49.2697290,-0.6981000"
Bayeux,Caen,Bayeux,Caen,20,"49.2697290,-0.6981000","49.1763540,-0.3476130"
Paris,Caen,Paris Saint-Lazare,Caen,141,"48.8762420,2.32533100","49.1763540,-0.3476130"
Caen,Lisieux,Caen,Lisieux,21,"49.1763540,-0.3476130","49.1382990,0.23114300"
Lisieux,Bernay,Lisieux,Bernay,14,"49.1382990,0.23114300","49.0871160,0.59568800"
Bernay,Évreux,Bernay,Évreux Normandie,25,"49.0871160,0.59568800","49.0187480,1.14962900"
Évreux,Paris,Évreux Normandie,Paris Saint-Lazare,63,"49.0187480,1.14962900","48.8762420,2.32533100"
Caen,Mantes-la-Jolie,Caen,Mantes-la-Jolie,85,"49.1763540,-0.3476130","48.9898400,1.70337000"
Lisieux,Paris,Lisieux,Paris Saint-Lazare,96,"49.1382990,0.23114300","48.8762420,2.32533100"
Mantes-la-Jolie,Caen,Mantes-la-Jolie,Caen,84,"48.9898400,1.70337000","49.1763540,-0.3476130"
Lisieux,Pont-l'Évêque,Lisieux,Pont-l'Évêque,13,"49.1382990,0.23114300","49.2870440,0.19197400"
Pont-l'Évêque,Deauville,Pont-l'Évêque,Trouville - Deauville,9,"49.2870440,0.19197400","49.3600050,0.08416700"
Deauville,Pont-l'Évêque,Trouville - Deauville,Pont-l'Évêque,8,"49.3600050,0.08416700","49.2870440,0.19197400"
Pont-l'Évêque,Lisieux,Pont-l'Évêque,Lisieux,14,"49.2870440,0.19197400","49.1382990,0.23114300"
Dreux,Verneuil d'Avre et d'Iton,Dreux,Verneuil-sur-Avre,21,"48.7314920,1.37016400","48.7424860,0.92919200"
L'Aigle,Le Château-d'Almenêches,L'Aigle,Surdon,24,"48.7662290,0.62001400","48.6647690,0.13441000"
Argentan,Briouze,Argentan,Briouze,16,"48.7385450,-0.0252910","48.7018620,-0.3682040"
Briouze,Flers,Briouze,Flers,9,"48.7018620,-0.3682040","48.7447850,-0.5732160"
Flers,Vire Normandie,Flers,Vire,16,"48.7447850,-0.5732160","48.8463290,-0.8828840"
Vire Normandie,Villedieu-les-Poêles-Rouffigny,Vire,Villedieu-les-Poêles,15,"48.8463290,-0.8828840","48.8341500,-1.2254180"
Villedieu-les-Poêles-Rouffigny,Folligny,Villedieu-les-Poêles,Folligny,9,"48.8341500,-1.2254180","48.8299460,-1.4072230"
Folligny,Granville,Folligny,Granville,11,"48.8299460,-1.4072230","48.8383220,-1.5875470"
Granville,Villedieu-les-Poêles-Rouffigny,Granville,Villedieu-les-Poêles,18,"48.8383220,-1.5875470","48.8341500,-1.2254180"
Villedieu-les-Poêles-Rouffigny,Vire Normandie,Villedieu-les-Poêles,Vire,16,"48.8341500,-1.2254180","48.8463290,-0.8828840"
Vire Normandie,Flers,Vire,Flers,17,"48.8463290,-0.8828840","48.7447850,-0.5732160"
Flers,Briouze,Flers,Briouze,10,"48.7447850,-0.5732160","48.7018620,-0.3682040"
Briouze,Argentan,Briouze,Argentan,18,"48.7018620,-0.3682040","48.7385450,-0.0252910"
Dreux,Versailles,Dreux,Versailles Chantiers,45,"48.7314920,1.37016400","48.7958260,2.13588300"
Versailles,Paris,Versailles Chantiers,Paris Montparnasse Vaugirard,12,"48.7958260,2.13588300","48.8411720,2.32051400"
Villedieu-les-Poêles-Rouffigny,Granville,Villedieu-les-Poêles,Granville,19,"48.8341500,-1.2254180","48.8383220,-1.5875470"
Paris,Versailles,Paris Montparnasse Vaugirard,Versailles Chantiers,11,"48.8411720,2.32051400","48.7958260,2.13588300"
Versailles,Dreux,Versailles Chantiers,Dreux,35,"48.7958260,2.13588300","48.7314920,1.37016400"
Paris,Dreux,Paris Montparnasse Vaugirard,Dreux,46,"48.8411720,2.32051400","48.7314920,1.37016400"
Verneuil d'Avre et d'Iton,Dreux,Verneuil-sur-Avre,Dreux,21,"48.7424860,0.92919200","48.7314920,1.37016400"
Paris,Verneuil d'Avre et d'Iton,Paris Montparnasse Vaugirard,Verneuil-sur-Avre,67,"48.8411720,2.32051400","48.7424860,0.92919200"
L'Aigle,Argentan,L'Aigle,Argentan,36,"48.7662290,0.62001400","48.7385450,-0.0252910"
Argentan,Flers,Argentan,Flers,26,"48.7385450,-0.0252910","48.7447850,-0.5732160"
Paris,Verneuil d'Avre et d'Iton,Paris Montparnasse Hall 1 - 2,Verneuil-sur-Avre,67,"48.8411720,2.32051400","48.7424860,0.92919200"
Flers,Argentan,Flers,Argentan,24,"48.7447850,-0.5732160","48.7385450,-0.0252910"
Verneuil d'Avre et d'Iton,Paris,Verneuil-sur-Avre,Paris Montparnasse Vaugirard,66,"48.7424860,0.92919200","48.8411720,2.32051400"
Verneuil d'Avre et d'Iton,Paris,Verneuil-sur-Avre,Paris Montparnasse Hall 1 - 2,65,"48.7424860,0.92919200","48.8411720,2.32051400"
Paris,L'Aigle,Paris Montparnasse Hall 1 - 2,L'Aigle,80,"48.8411720,2.32051400","48.7662290,0.62001400"
Argentan,L'Aigle,Argentan,L'Aigle,29,"48.7385450,-0.0252910","48.7662290,0.62001400"
L'Aigle,Paris,L'Aigle,Paris Montparnasse Hall 1 - 2,75,"48.7662290,0.62001400","48.8411720,2.32051400"
Granville,Folligny,Granville,Folligny,9,"48.8383220,-1.5875470","48.8299460,-1.4072230"
Folligny,Villedieu-les-Poêles-Rouffigny,Folligny,Villedieu-les-Poêles,11,"48.8299460,-1.4072230","48.8341500,-1.2254180"
Folligny,Avranches,Folligny,Avranches,13,"48.8299460,-1.4072230","48.6900410,-1.3696120"
Avranches,Pontorson,Avranches,Pontorson - Mont-Saint-Michel,18,"48.6900410,-1.3696120","48.5527290,-1.5049310"
Pontorson,Avranches,Pontorson - Mont-Saint-Michel,Avranches,16,"48.5527290,-1.5049310","48.6900410,-1.3696120"
Avranches,Folligny,Avranches,Folligny,15,"48.6900410,-1.3696120","48.8299460,-1.4072230"
Granville,Avranches,Granville,Avranches,30,"48.8383220,-1.5875470","48.6900410,-1.3696120"
Avranches,Rennes,Avranches,Rennes Beaulieu Chimie,68,"48.6900410,-1.3696120","48.1170980,-1.6339050"
Rennes,Rennes,Rennes Beaulieu Chimie,Rennes,12,"48.1170980,-1.6339050","48.1035170,-1.6727440"
Rennes,Rennes,Rennes,Rennes Beaulieu Chimie,12,"48.1035170,-1.6727440","48.1170980,-1.6339050"
Rennes,Avranches,Rennes Beaulieu Chimie,Avranches,68,"48.1170980,-1.6339050","48.6900410,-1.3696120"
Avranches,Granville,Avranches,Granville,30,"48.6900410,-1.3696120","48.8383220,-1.5875470"
Caen,Torigny-les-Villes,Caen,Guilberville-le Saussey,45,"49.1763540,-0.3476130","48.9821270,-0.9541020"
Torigny-les-Villes,Avranches,Guilberville-le Saussey,Avranches,45,"48.9821270,-0.9541020","48.6900410,-1.3696120"
Avranches,Torigny-les-Villes,Avranches,Guilberville-le Saussey,44,"48.6900410,-1.3696120","48.9821270,-0.9541020"
Torigny-les-Villes,Caen,Guilberville-le Saussey,Caen,45,"48.9821270,-0.9541020","49.1763540,-0.3476130"
Fleury-les-Aubrais,Salbris,Les Aubrais,Salbris,25,"47.9268010,1.90712900","47.4251860,2.04775100"
Salbris,Vierzon,Salbris,Vierzon,13,"47.4251860,2.04775100","47.2263240,2.05909200"
Vierzon,Bourges,Vierzon,Bourges,19,"47.2263240,2.05909200","47.0941290,2.39423600"
Nevers,Bourges,Nevers,Bourges,39,"46.9872820,3.15074300","47.0941290,2.39423600"
Bourges,Vierzon,Bourges,Vierzon,18,"47.0941290,2.39423600","47.2263240,2.05909200"
Vierzon,Salbris,Vierzon,Salbris,13,"47.2263240,2.05909200","47.4251860,2.04775100"
Salbris,Fleury-les-Aubrais,Salbris,Les Aubrais,25,"47.4251860,2.04775100","47.9268010,1.90712900"
Bourges,Nevers,Bourges,Nevers,39,"47.0941290,2.39423600","46.9872820,3.15074300"
Bayonne,Biarritz,Bayonne,Biarritz,25,"43.4966350,-1.4700570","43.4593870,-1.5459370"
Biarritz,Guéthary,Biarritz,Guéthary,10,"43.4593870,-1.5459370","43.4252380,-1.6099720"
Guéthary,Saint-Jean-de-Luz,Guéthary,Saint-Jean-de-Luz - Ciboure,10,"43.4252380,-1.6099720","43.3860650,-1.6611970"
Saint-Jean-de-Luz,Hendaye,Saint-Jean-de-Luz - Ciboure,Les Deux Jumeaux,20,"43.3860650,-1.6611970","43.3702460,-1.7643110"
Hendaye,Hendaye,Les Deux Jumeaux,Hendaye,5,"43.3702460,-1.7643110","43.3529820,-1.7813190"
Hendaye,Hendaye,Hendaye,Les Deux Jumeaux,5,"43.3529820,-1.7813190","43.3702460,-1.7643110"
Hendaye,Saint-Jean-de-Luz,Les Deux Jumeaux,Saint-Jean-de-Luz - Ciboure,20,"43.3702460,-1.7643110","43.3860650,-1.6611970"
Saint-Jean-de-Luz,Guéthary,Saint-Jean-de-Luz - Ciboure,Guéthary,10,"43.3860650,-1.6611970","43.4252380,-1.6099720"
Guéthary,Biarritz,Guéthary,Biarritz,10,"43.4252380,-1.6099720","43.4593870,-1.5459370"
Biarritz,Bayonne,Biarritz,Bayonne,25,"43.4593870,-1.5459370","43.4966350,-1.4700570"
Langon,Bordeaux,Langon,Bordeaux Saint-Jean,40,"44.5541770,-0.2551910","44.8252330,-0.5568750"
Bordeaux,Langon,Bordeaux Saint-Jean,Langon,40,"44.8252330,-0.5568750","44.5541770,-0.2551910"
Bordeaux,Mérignac,Bordeaux Saint-Jean,Mérignac Arlac,25,"44.8252330,-0.5568750","44.8265600,-0.6261400"
Mérignac,Bordeaux,Mérignac Arlac,Caudéran-Mérignac,10,"44.8265600,-0.6261400","44.8425520,-0.6280550"
Bordeaux,Le Bouscat,Caudéran-Mérignac,Le Bouscat Sainte-Germaine,15,"44.8425520,-0.6280550","44.8709270,-0.6140490"
Le Bouscat,Bruges,Le Bouscat Sainte-Germaine,Bruges,5,"44.8709270,-0.6140490","44.8859330,-0.6109210"
Bruges,Blanquefort,Bruges,Blanquefort,10,"44.8859330,-0.6109210","44.9176720,-0.6241100"
Blanquefort,Parempuyre,Blanquefort,Parempuyre,9,"44.9176720,-0.6241100","44.9447030,-0.6193400"
Parempuyre,Ludon-Médoc,Parempuyre,Ludon,8,"44.9447030,-0.6193400","44.9742910,-0.6116890"
Ludon-Médoc,Macau,Ludon,Macau,7,"44.9742910,-0.6116890","45.0041710,-0.6198590"
Macau,Margaux-Cantenac,Macau,Margaux,10,"45.0041710,-0.6198590","45.0359160,-0.6853930"
Margaux-Cantenac,Moulis-en-Médoc,Margaux,Moulis - Listrac,15,"45.0359160,-0.6853930","45.0840700,-0.7444200"
Moulis-en-Médoc,Pauillac,Moulis - Listrac,Pauillac,18,"45.0840700,-0.7444200","45.2035990,-0.7547390"
Pauillac,Lesparre-Médoc,Pauillac,Lesparre,25,"45.2035990,-0.7547390","45.3036990,-0.9452370"
Lesparre-Médoc,Soulac-sur-Mer,Lesparre,Soulac-sur-Mer,30,"45.3036990,-0.9452370","45.5082060,-1.1181730"
Soulac-sur-Mer,Le Verdon-sur-Mer,Soulac-sur-Mer,Le Verdon,13,"45.5082060,-1.1181730","45.5491120,-1.0648560"
Lesparre-Médoc,Pauillac,Lesparre,Pauillac,25,"45.3036990,-0.9452370","45.2035990,-0.7547390"
Pauillac,Moulis-en-Médoc,Pauillac,Moulis - Listrac,18,"45.2035990,-0.7547390","45.0840700,-0.7444200"
Moulis-en-Médoc,Margaux-Cantenac,Moulis - Listrac,Margaux,15,"45.0840700,-0.7444200","45.0359160,-0.6853930"
Margaux-Cantenac,Macau,Margaux,Macau,10,"45.0359160,-0.6853930","45.0041710,-0.6198590"
Macau,Ludon-Médoc,Macau,Ludon,7,"45.0041710,-0.6198590","44.9742910,-0.6116890"
Ludon-Médoc,Parempuyre,Ludon,Parempuyre,8,"44.9742910,-0.6116890","44.9447030,-0.6193400"
Parempuyre,Blanquefort,Parempuyre,Blanquefort,9,"44.9447030,-0.6193400","44.9176720,-0.6241100"
Blanquefort,Bruges,Blanquefort,Bruges,10,"44.9176720,-0.6241100","44.8859330,-0.6109210"
Bruges,Le Bouscat,Bruges,Le Bouscat Sainte-Germaine,6,"44.8859330,-0.6109210","44.8709270,-0.6140490"
Le Bouscat,Bordeaux,Le Bouscat Sainte-Germaine,Caudéran-Mérignac,15,"44.8709270,-0.6140490","44.8425520,-0.6280550"
Bordeaux,Mérignac,Caudéran-Mérignac,Mérignac Arlac,10,"44.8425520,-0.6280550","44.8265600,-0.6261400"
Mérignac,Bordeaux,Mérignac Arlac,Bordeaux Saint-Jean,25,"44.8265600,-0.6261400","44.8252330,-0.5568750"
Le Verdon-sur-Mer,Soulac-sur-Mer,Le Verdon,Soulac-sur-Mer,13,"45.5491120,-1.0648560","45.5082060,-1.1181730"
Soulac-sur-Mer,Lesparre-Médoc,Soulac-sur-Mer,Lesparre,30,"45.5082060,-1.1181730","45.3036990,-0.9452370"
Bordeaux,Biganos,Bordeaux Saint-Jean,Biganos Facture,50,"44.8252330,-0.5568750","44.6377420,-0.9659010"
Biganos,Bordeaux,Biganos Facture,Bordeaux Saint-Jean,50,"44.6377420,-0.9659010","44.8252330,-0.5568750"
Arcachon,La Teste-de-Buch,Arcachon,La Teste,7,"44.6591180,-1.1651760","44.6368490,-1.1430930"
La Teste-de-Buch,Gujan-Mestras,La Teste,La Hume,9,"44.6368490,-1.1430930","44.6399140,-1.1160430"
Gujan-Mestras,Gujan-Mestras,La Hume,Gujan-Mestras,10,"44.6399140,-1.1160430","44.6405140,-1.0690750"
Gujan-Mestras,Le Teich,Gujan-Mestras,Le Teich,11,"44.6405140,-1.0690750","44.6324800,-1.0255640"
Le Teich,Biganos,Le Teich,Biganos Facture,12,"44.6324800,-1.0255640","44.6377420,-0.9659010"
Biganos,Le Teich,Biganos Facture,Le Teich,9,"44.6377420,-0.9659010","44.6324800,-1.0255640"
Le Teich,Gujan-Mestras,Le Teich,Gujan-Mestras,10,"44.6324800,-1.0255640","44.6405140,-1.0690750"
Gujan-Mestras,Gujan-Mestras,Gujan-Mestras,La Hume,10,"44.6405140,-1.0690750","44.6399140,-1.1160430"
Gujan-Mestras,La Teste-de-Buch,La Hume,La Teste,6,"44.6399140,-1.1160430","44.6368490,-1.1430930"
La Teste-de-Buch,Arcachon,La Teste,Arcachon,12,"44.6368490,-1.1430930","44.6591180,-1.1651760"
Biganos,Marcheprime,Biganos Facture,Marcheprime,15,"44.6377420,-0.9659010","44.6906690,-0.8540050"
Marcheprime,Cestas,Marcheprime,Gazinet - Cestas,20,"44.6906690,-0.8540050","44.7722600,-0.6996970"
Cestas,Pessac,Gazinet - Cestas,Pessac-Alouette,13,"44.7722600,-0.6996970","44.7943190,-0.6596300"
Pessac,Pessac,Pessac-Alouette,Pessac,10,"44.7943190,-0.6596300","44.8046210,-0.6317840"
Pessac,Bordeaux,Pessac,Bordeaux Saint-Jean,28,"44.8046210,-0.6317840","44.8252330,-0.5568750"
Bordeaux,Pessac,Bordeaux Saint-Jean,Pessac,28,"44.8252330,-0.5568750","44.8046210,-0.6317840"
Pessac,Pessac,Pessac,Pessac-Alouette,11,"44.8046210,-0.6317840","44.7943190,-0.6596300"
Pessac,Cestas,Pessac-Alouette,Gazinet - Cestas,13,"44.7943190,-0.6596300","44.7722600,-0.6996970"
Cestas,Marcheprime,Gazinet - Cestas,Marcheprime,18,"44.7722600,-0.6996970","44.6906690,-0.8540050"
Marcheprime,Biganos,Marcheprime,Biganos Facture,14,"44.6906690,-0.8540050","44.6377420,-0.9659010"
Biganos,Morcenx-la-Nouvelle,Biganos Facture,Morcenx,75,"44.6377420,-0.9659010","44.0335650,-0.9086400"
Morcenx-la-Nouvelle,Dax,Morcenx,Dax,45,"44.0335650,-0.9086400","43.7204720,-1.0498010"
Dax,Saint-Vincent-de-Tyrosse,Dax,Saint-Vincent-de-Tyrosse,30,"43.7204720,-1.0498010","43.6578030,-1.3064210"
Saint-Vincent-de-Tyrosse,Bayonne,Saint-Vincent-de-Tyrosse,Bayonne,30,"43.6578030,-1.3064210","43.4966350,-1.4700570"
Dax,Saint-Geours-de-Maremne,Dax,Saint-Geours,20,"43.7204720,-1.0498010","43.6875540,-1.2286560"
Saint-Geours-de-Maremne,Saint-Vincent-de-Tyrosse,Saint-Geours,Saint-Vincent-de-Tyrosse,10,"43.6875540,-1.2286560","43.6578030,-1.3064210"
Saint-Vincent-de-Tyrosse,Bénesse-Maremne,Saint-Vincent-de-Tyrosse,Bénesse-Maremne,7,"43.6578030,-1.3064210","43.6331980,-1.3606580"
Bénesse-Maremne,Labenne,Bénesse-Maremne,Labenne,7,"43.6331980,-1.3606580","43.5872120,-1.4289530"
Labenne,Ondres,Labenne,Ondres,7,"43.5872120,-1.4289530","43.5687470,-1.4570380"
Ondres,Boucau,Ondres,Boucau,9,"43.5687470,-1.4570380","43.5236010,-1.4902590"
Boucau,Bayonne,Boucau,Bayonne,10,"43.5236010,-1.4902590","43.4966350,-1.4700570"
Bordeaux,Villenave-d'Ornon,Bordeaux Saint-Jean,Villenave-d'Ornon,15,"44.8252330,-0.5568750","44.7694440,-0.5460660"
Villenave-d'Ornon,Cadaujac,Villenave-d'Ornon,Cadaujac,5,"44.7694440,-0.5460660","44.7521200,-0.5406480"
Cadaujac,Saint-Médard-d'Eyrans,Cadaujac,Saint-Médard-d'Eyrans,9,"44.7521200,-0.5406480","44.7168570,-0.5057170"
Saint-Médard-d'Eyrans,Beautiran,Saint-Médard-d'Eyrans,Beautiran,10,"44.7168570,-0.5057170","44.7010590,-0.4501740"
Beautiran,Portets,Beautiran,Portets,6,"44.7010590,-0.4501740","44.6929000,-0.4253930"
Portets,Arbanats,Portets,Arbanats,6,"44.6929000,-0.4253930","44.6730710,-0.3964090"
Arbanats,Podensac,Arbanats,Podensac,6,"44.6730710,-0.3964090","44.6490460,-0.3583220"
Podensac,Cérons,Podensac,Cérons,7,"44.6490460,-0.3583220","44.6323460,-0.3405260"
Cérons,Barsac,Cérons,Barsac,11,"44.6323460,-0.3405260","44.6054310,-0.3215780"
Barsac,Langon,Barsac,Langon,12,"44.6054310,-0.3215780","44.5541770,-0.2551910"
Langon,Barsac,Langon,Barsac,11,"44.5541770,-0.2551910","44.6054310,-0.3215780"
Barsac,Cérons,Barsac,Cérons,9,"44.6054310,-0.3215780","44.6323460,-0.3405260"
Cérons,Podensac,Cérons,Podensac,7,"44.6323460,-0.3405260","44.6490460,-0.3583220"
Podensac,Arbanats,Podensac,Arbanats,6,"44.6490460,-0.3583220","44.6730710,-0.3964090"
Arbanats,Portets,Arbanats,Portets,6,"44.6730710,-0.3964090","44.6929000,-0.4253930"
Portets,Beautiran,Portets,Beautiran,6,"44.6929000,-0.4253930","44.7010590,-0.4501740"
Beautiran,Saint-Médard-d'Eyrans,Beautiran,Saint-Médard-d'Eyrans,10,"44.7010590,-0.4501740","44.7168570,-0.5057170"
Saint-Médard-d'Eyrans,Cadaujac,Saint-Médard-d'Eyrans,Cadaujac,11,"44.7168570,-0.5057170","44.7521200,-0.5406480"
Cadaujac,Villenave-d'Ornon,Cadaujac,Villenave-d'Ornon,4,"44.7521200,-0.5406480","44.7694440,-0.5460660"
Villenave-d'Ornon,Bordeaux,Villenave-d'Ornon,Bordeaux Saint-Jean,16,"44.7694440,-0.5460660","44.8252330,-0.5568750"
Barsac,Preignac,Barsac,Preignac,5,"44.6054310,-0.3215780","44.5784700,-0.3020950"
Preignac,Langon,Preignac,Langon,7,"44.5784700,-0.3020950","44.5541770,-0.2551910"
Langon,Preignac,Langon,Preignac,4,"44.5541770,-0.2551910","44.5784700,-0.3020950"
Preignac,Barsac,Preignac,Barsac,7,"44.5784700,-0.3020950","44.6054310,-0.3215780"
Langon,Saint-Macaire,Langon,Saint-Macaire,6,"44.5541770,-0.2551910","44.5683820,-0.2270950"
Saint-Macaire,Saint-Pierre-d'Aurillac,Saint-Macaire,Saint-Pierre-d'Aurillac,7,"44.5683820,-0.2270950","44.5749990,-0.1877220"
Saint-Pierre-d'Aurillac,Caudrot,Saint-Pierre-d'Aurillac,Caudrot,8,"44.5749990,-0.1877220","44.5798920,-0.1450220"
Caudrot,Gironde-sur-Dropt,Caudrot,Gironde,8,"44.5798920,-0.1450220","44.5834220,-0.0918710"
Gironde-sur-Dropt,La Réole,Gironde,La Réole,10,"44.5834220,-0.0918710","44.5797700,-0.0306740"
La Réole,Marmande,La Réole,Marmande,27,"44.5797700,-0.0306740","44.5030710,0.16809100"
Marmande,La Réole,Marmande,La Réole,27,"44.5030710,0.16809100","44.5797700,-0.0306740"
La Réole,Gironde-sur-Dropt,La Réole,Gironde,10,"44.5797700,-0.0306740","44.5834220,-0.0918710"
Gironde-sur-Dropt,Caudrot,Gironde,Caudrot,8,"44.5834220,-0.0918710","44.5798920,-0.1450220"
Caudrot,Saint-Pierre-d'Aurillac,Caudrot,Saint-Pierre-d'Aurillac,8,"44.5798920,-0.1450220","44.5749990,-0.1877220"
Saint-Pierre-d'Aurillac,Saint-Macaire,Saint-Pierre-d'Aurillac,Saint-Macaire,7,"44.5749990,-0.1877220","44.5683820,-0.2270950"
Saint-Macaire,Langon,Saint-Macaire,Langon,6,"44.5683820,-0.2270950","44.5541770,-0.2551910"
Langon,La Réole,Langon,La Réole,26,"44.5541770,-0.2551910","44.5797700,-0.0306740"
Marmande,Tonneins,Marmande,Tonneins,25,"44.5030710,0.16809100","44.3926560,0.31365800"
Tonneins,Aiguillon,Tonneins,Aiguillon,15,"44.3926560,0.31365800","44.2985330,0.33578000"
Aiguillon,Port-Sainte-Marie,Aiguillon,Port-Sainte-Marie,15,"44.2985330,0.33578000","44.2506710,0.39068000"
Port-Sainte-Marie,Agen,Port-Sainte-Marie,Agen,26,"44.2506710,0.39068000","44.2079670,0.62086700"
Agen,Port-Sainte-Marie,Agen,Port-Sainte-Marie,26,"44.2079670,0.62086700","44.2506710,0.39068000"
Port-Sainte-Marie,Aiguillon,Port-Sainte-Marie,Aiguillon,15,"44.2506710,0.39068000","44.2985330,0.33578000"
Aiguillon,Tonneins,Aiguillon,Tonneins,15,"44.2985330,0.33578000","44.3926560,0.31365800"
Tonneins,Marmande,Tonneins,Marmande,25,"44.3926560,0.31365800","44.5030710,0.16809100"
La Réole,Langon,La Réole,Langon,26,"44.5797700,-0.0306740","44.5541770,-0.2551910"
Rennes,Châteaubourg,Rennes,Châteaubourg,35,"48.1035170,-1.6727440","48.1063610,-1.4051590"
Châteaubourg,Vitré,Châteaubourg,Vitré,25,"48.1063610,-1.4051590","48.1226710,-1.2117540"
Vitré,Châteaubourg,Vitré,Châteaubourg,25,"48.1226710,-1.2117540","48.1063610,-1.4051590"
Châteaubourg,Rennes,Châteaubourg,Rennes,35,"48.1063610,-1.4051590","48.1035170,-1.6727440"
Rennes,Vitré,Rennes,Vitré,45,"48.1035170,-1.6727440","48.1226710,-1.2117540"
Vitré,Laval,Vitré,Laval,40,"48.1226710,-1.2117540","48.0762550,-0.7609290"
Châteaubriant,Martigné-Ferchaud,Châteaubriant,Martigné-Ferchaud,16,"47.7175210,-1.3715150","47.8320440,-1.3138080"
Martigné-Ferchaud,Retiers,Martigné-Ferchaud,Retiers,17,"47.8320440,-1.3138080","47.9132570,-1.3896260"
Retiers,Le Theil-de-Bretagne,Retiers,Le Theil-de-Bretagne,7,"47.9132570,-1.3896260","47.9187420,-1.4319930"
Le Theil-de-Bretagne,Janzé,Le Theil-de-Bretagne,Janzé,11,"47.9187420,-1.4319930","47.9553080,-1.4976270"
Janzé,Corps-Nuds,Janzé,Corps-Nuds,15,"47.9553080,-1.4976270","47.9851670,-1.5754720"
Corps-Nuds,Saint-Armel,Corps-Nuds,Saint-Armel,10,"47.9851670,-1.5754720","48.0143400,-1.5947740"
Saint-Armel,Vern-sur-Seiche,Saint-Armel,Vern,10,"48.0143400,-1.5947740","48.0468490,-1.5965290"
Vern-sur-Seiche,Rennes,Vern,La Poterie,12,"48.0468490,-1.5965290","48.0923450,-1.6307730"
Rennes,Rennes,La Poterie,Rennes,10,"48.0923450,-1.6307730","48.1035170,-1.6727440"
Rennes,Rennes,Rennes,La Poterie,10,"48.1035170,-1.6727440","48.0923450,-1.6307730"
Rennes,Vern-sur-Seiche,La Poterie,Vern,12,"48.0923450,-1.6307730","48.0468490,-1.5965290"
Vern-sur-Seiche,Saint-Armel,Vern,Saint-Armel,10,"48.0468490,-1.5965290","48.0143400,-1.5947740"
Saint-Armel,Corps-Nuds,Saint-Armel,Corps-Nuds,10,"48.0143400,-1.5947740","47.9851670,-1.5754720"
Corps-Nuds,Janzé,Corps-Nuds,Janzé,15,"47.9851670,-1.5754720","47.9553080,-1.4976270"
Janzé,Le Theil-de-Bretagne,Janzé,Le Theil-de-Bretagne,11,"47.9553080,-1.4976270","47.9187420,-1.4319930"
Le Theil-de-Bretagne,Retiers,Le Theil-de-Bretagne,Retiers,7,"47.9187420,-1.4319930","47.9132570,-1.3896260"
Retiers,Martigné-Ferchaud,Retiers,Martigné-Ferchaud,17,"47.9132570,-1.3896260","47.8320440,-1.3138080"
Martigné-Ferchaud,Châteaubriant,Martigné-Ferchaud,Châteaubriant,16,"47.8320440,-1.3138080","47.7175210,-1.3715150"
Orléans,Meung-sur-Loire,Orléans Avenue de Paris,Meung-sur-Loire,45,"47.9082770,1.90422900","47.8299540,1.69192100"
Meung-sur-Loire,Beaugency,Meung-sur-Loire,Beaugency,15,"47.8299540,1.69192100","47.7784040,1.62594400"
Beaugency,Mer,Beaugency,Mer,15,"47.7784040,1.62594400","47.7058940,1.50636300"
Mer,Blois,Mer,Blois - Chambord,40,"47.7058940,1.50636300","47.5854490,1.32375900"
Orléans,Blois,Orléans Avenue de Paris,Blois - Chambord,70,"47.9082770,1.90422900","47.5854490,1.32375900"
Amboise,Tours,Amboise,Tours,35,"47.4214690,0.98176700","47.3898750,0.69283600"
Tours,Amboise,Tours,Amboise,35,"47.3898750,0.69283600","47.4214690,0.98176700"
Blois,Beaugency,Blois - Chambord,Beaugency,50,"47.5854490,1.32375900","47.7784040,1.62594400"
Beaugency,Orléans,Beaugency,Orléans Avenue de Paris,45,"47.7784040,1.62594400","47.9082770,1.90422900"
Tours,Blois,Tours,Blois - Chambord,65,"47.3898750,0.69283600","47.5854490,1.32375900"
Blois,Orléans,Blois - Chambord,Orléans Avenue de Paris,70,"47.5854490,1.32375900","47.9082770,1.90422900"
Meung-sur-Loire,Orléans,Meung-sur-Loire,Orléans Avenue de Paris,45,"47.8299540,1.69192100","47.9082770,1.90422900"
Blois,Tours,Blois - Chambord,Tours,65,"47.5854490,1.32375900","47.3898750,0.69283600"
Vierzon,Orléans,Vierzon,Orléans Avenue de Paris,75,"47.2263240,2.05909200","47.9082770,1.90422900"
Orléans,Salbris,Orléans Avenue de Paris,Salbris,60,"47.9082770,1.90422900","47.4251860,2.04775100"
Orléans,Vierzon,Orléans Avenue de Paris,Vierzon,75,"47.9082770,1.90422900","47.2263240,2.05909200"
Salbris,Orléans,Salbris,Orléans Avenue de Paris,60,"47.4251860,2.04775100","47.9082770,1.90422900"
Orléans,La Ferté-Saint-Aubin,Orléans Avenue de Paris,La Ferté-Saint-Aubin,40,"47.9082770,1.90422900","47.7210080,1.93234400"
La Ferté-Saint-Aubin,Lamotte-Beuvron,La Ferté-Saint-Aubin,Lamotte-Beuvron,25,"47.7210080,1.93234400","47.5941100,2.02207700"
Lamotte-Beuvron,Salbris,Lamotte-Beuvron,Salbris,25,"47.5941100,2.02207700","47.4251860,2.04775100"
Tours,Joué-lès-Tours,Tours,Joué-lès-Tours,21,"47.3898750,0.69283600","47.3541490,0.66725000"
Joué-lès-Tours,Ballan-Miré,Joué-lès-Tours,Ballan,14,"47.3541490,0.66725000","47.3367470,0.61830700"
Ballan-Miré,Druye,Ballan,Druye,13,"47.3367470,0.61830700","47.3070190,0.53548100"
Druye,Azay-le-Rideau,Druye,Azay-le-Rideau,14,"47.3070190,0.53548100","47.2661540,0.44760000"
Azay-le-Rideau,Rivarennes,Azay-le-Rideau,Rivarennes,14,"47.2661540,0.44760000","47.2679560,0.36186100"
Rivarennes,Chinon,Rivarennes,Chinon,24,"47.2679560,0.36186100","47.1630730,0.25164500"
Chinon,Rivarennes,Chinon,Rivarennes,24,"47.1630730,0.25164500","47.2679560,0.36186100"
Rivarennes,Azay-le-Rideau,Rivarennes,Azay-le-Rideau,13,"47.2679560,0.36186100","47.2661540,0.44760000"
Azay-le-Rideau,Druye,Azay-le-Rideau,Druye,15,"47.2661540,0.44760000","47.3070190,0.53548100"
Druye,Ballan-Miré,Druye,Ballan,13,"47.3070190,0.53548100","47.3367470,0.61830700"
Ballan-Miré,Joué-lès-Tours,Ballan,Joué-lès-Tours,14,"47.3367470,0.61830700","47.3541490,0.66725000"
Joué-lès-Tours,Tours,Joué-lès-Tours,Tours,21,"47.3541490,0.66725000","47.3898750,0.69283600"
Toury,Artenay,Toury,Artenay,15,"48.1936060,1.93956500","48.0810570,1.88322600"
Artenay,Fleury-les-Aubrais,Artenay,Les Aubrais Gare Routière,30,"48.0810570,1.88322600","47.9266670,1.90746400"
Fleury-les-Aubrais,Orléans,Les Aubrais Gare Routière,Orléans Avenue de Paris,15,"47.9266670,1.90746400","47.9082770,1.90422900"
Orléans,Fleury-les-Aubrais,Orléans Avenue de Paris,Les Aubrais Gare Routière,15,"47.9082770,1.90422900","47.9266670,1.90746400"
Fleury-les-Aubrais,Cercottes,Les Aubrais Gare Routière,Cercottes,15,"47.9266670,1.90746400","47.9861550,1.88498100"
Cercottes,Chevilly,Cercottes,Chevilly,10,"47.9861550,1.88498100","48.0266720,1.87911300"
Chevilly,Artenay,Chevilly,Artenay,10,"48.0266720,1.87911300","48.0810570,1.88322600"
Artenay,Santilly,Artenay,Château-Gaillard,10,"48.0810570,1.88322600","48.1416900,1.91281500"
Santilly,Toury,Château-Gaillard,Toury,10,"48.1416900,1.91281500","48.1936060,1.93956500"
Fleury-les-Aubrais,Toury,Les Aubrais Gare Routière,Toury,40,"47.9266670,1.90746400","48.1936060,1.93956500"
Toury,Angerville,Toury,Angerville,15,"48.1936060,1.93956500","48.3116320,2.00352600"
Paris,Fleury-les-Aubrais,Paris-Austerlitz Routiere,Les Aubrais Gare Routière,120,"48.8415360,2.36794500","47.9266670,1.90746400"
Fleury-les-Aubrais,Paris,Les Aubrais Gare Routière,Paris-Austerlitz Routiere,120,"47.9266670,1.90746400","48.8415360,2.36794500"
Épernay,Dormans,Épernay,Dormans,30,"49.0462890,3.95979800","49.0790800,3.64183500"
Dormans,Paris,Dormans,Paris Est,125,"49.0790800,3.64183500","48.8767420,2.35842400"
Paris,Dormans,Paris Est,Dormans,125,"48.8767420,2.35842400","49.0790800,3.64183500"
Dormans,Épernay,Dormans,Épernay,30,"49.0790800,3.64183500","49.0462890,3.95979800"
Paris,Château-Thierry,Paris Est,Château-Thierry,110,"48.8767420,2.35842400","49.0381400,3.40930200"
Château-Thierry,Dormans,Château-Thierry,Dormans,30,"49.0381400,3.40930200","49.0790800,3.64183500"
Châlons-en-Champagne,Paris,Châlons-en-Champagne,Paris Est,175,"48.9552520,4.34865600","48.8767420,2.35842400"
Épernay,Châlons-en-Champagne,Épernay,Châlons-en-Champagne,45,"49.0462890,3.95979800","48.9552520,4.34865600"
Dormans,Château-Thierry,Dormans,Château-Thierry,30,"49.0790800,3.64183500","49.0381400,3.40930200"
Château-Thierry,Paris,Château-Thierry,Paris Est,110,"49.0381400,3.40930200","48.8767420,2.35842400"
Paris,Nogent-sur-Seine,Paris Est,Nogent-sur-Seine,110,"48.8767420,2.35842400","48.4970820,3.49414600"
Nogent-sur-Seine,Romilly-sur-Seine,Nogent-sur-Seine,Romilly-sur-Seine,30,"48.4970820,3.49414600","48.5144330,3.72888700"
Romilly-sur-Seine,Troyes,Romilly-sur-Seine,Troyes,50,"48.5144330,3.72888700","48.2960690,4.06528100"
Romorantin-Lanthenay,Romorantin-Lanthenay,Faubourg d'Orléans,Romorantin Blanc Argent,6,"47.3668920,1.74013100","47.3555620,1.73970900"
Romorantin-Lanthenay,Gièvres,Romorantin Blanc Argent,Base Aérienne,9,"47.3555620,1.73970900","47.3201180,1.68154700"
Gièvres,Gièvres,Base Aérienne,Gièvres,11,"47.3201180,1.68154700","47.2787800,1.66781400"
Gièvres,Chabris,Gièvres,Chabris,8,"47.2787800,1.66781400","47.2550730,1.64621900"
Chabris,Val-Fouzon,Chabris,Varennes-sur-Fouzon,9,"47.2550730,1.64621900","47.2144600,1.61441000"
Val-Fouzon,Valençay,Varennes-sur-Fouzon,Valençay,12,"47.2144600,1.61441000","47.1630550,1.55865800"
Laval,Vitré,Laval,Vitré,40,"48.0762550,-0.7609290","48.1226710,-1.2117540"
Vitré,Rennes,Vitré,Rennes,45,"48.1226710,-1.2117540","48.1035170,-1.6727440"
Pontivy,Josselin,Pontivy,Josselin,35,"48.0619180,-2.9662350","47.9553110,-2.5477180"
Josselin,Ploërmel,Josselin,Ploërmel Pem Rehumpol,16,"47.9553110,-2.5477180","47.9309820,-2.3948130"
Ploërmel,Guer,Ploërmel Pem Rehumpol,Guer Coëtquidan,23,"47.9309820,-2.3948130","47.9305760,-2.1271960"
Guer,Rennes,Guer Coëtquidan,Rennes,52,"47.9305760,-2.1271960","48.1035170,-1.6727440"
Rennes,Guer,Rennes,Guer Coëtquidan,52,"48.1035170,-1.6727440","47.9305760,-2.1271960"
Guer,Ploërmel,Guer Coëtquidan,Ploërmel Pem Rehumpol,20,"47.9305760,-2.1271960","47.9309820,-2.3948130"
Ploërmel,Josselin,Ploërmel Pem Rehumpol,Josselin,15,"47.9309820,-2.3948130","47.9553110,-2.5477180"
Josselin,Pontivy,Josselin,Pontivy,36,"47.9553110,-2.5477180","48.0619180,-2.9662350"
Auch,Auch,Auch Baylac,Auch,10,"43.6482880,0.58280600","43.6474880,0.59666100"
Auch,Saint-Sauvy,Auch,Saint-Sauvy,20,"43.6474880,0.59666100","43.6898790,0.82680800"
Saint-Sauvy,Mauvezin,Saint-Sauvy,Mauvezin,6,"43.6898790,0.82680800","43.7306060,0.87838600"
Mauvezin,Solomiac,Mauvezin,Solomiac,7,"43.7306060,0.87838600","43.8055990,0.89701900"
Solomiac,Gimat,Solomiac,Gimat,6,"43.8055990,0.89701900","43.8511560,0.94169100"
Gimat,Beaumont-de-Lomagne,Gimat,Beaumont-de-Lomagne L.e.p,5,"43.8511560,0.94169100","43.8769090,0.97829800"
Beaumont-de-Lomagne,Beaumont-de-Lomagne,Beaumont-de-Lomagne L.e.p,Beaumont-de-Lomagne Place Jean Moulin,5,"43.8769090,0.97829800","43.8823460,0.98401700"
Beaumont-de-Lomagne,Larrazet,Beaumont-de-Lomagne Place Jean Moulin,Larrazet Avenue de Gascogne,6,"43.8823460,0.98401700","43.9310970,1.08439300"
Larrazet,Bourret,Larrazet Avenue de Gascogne,Bourret,9,"43.9310970,1.08439300","43.9471490,1.15077500"
Bourret,Montech,Bourret,Montech Boulevard Lagal,7,"43.9471490,1.15077500","43.9568970,1.22736000"
Montech,Montech,Montech Boulevard Lagal,Montech Pont Canal,6,"43.9568970,1.22736000","43.9591700,1.23569400"
Montech,Montech,Montech Pont Canal,Montech Lacoste,4,"43.9591700,1.23569400","43.9595530,1.25136900"
Montech,Lacourt-Saint-Pierre,Montech Lacoste,Lacourt-Saint-Pierre Talicous,2,"43.9595530,1.25136900","43.9765290,1.28419900"
Lacourt-Saint-Pierre,Montauban,Lacourt-Saint-Pierre Talicous,Montauban Ville Bourbon,13,"43.9765290,1.28419900","44.0144400,1.34199900"
Montauban,Montauban,Montauban Ville Bourbon,Montauban Prax Paris,9,"44.0144400,1.34199900","44.0175050,1.35818500"
Montauban,Montauban,Montauban Prax Paris,Montauban la Fobio,9,"44.0175050,1.35818500","44.0123670,1.37155800"
Montauban,Montauban,Montauban la Fobio,Montauban Prax Paris,9,"44.0123670,1.37155800","44.0175050,1.35818500"
Montauban,Montauban,Montauban Prax Paris,Montauban Ville Bourbon,9,"44.0175050,1.35818500","44.0144400,1.34199900"
Montauban,Lacourt-Saint-Pierre,Montauban Ville Bourbon,Lacourt-Saint-Pierre Talicous,13,"44.0144400,1.34199900","43.9765290,1.28419900"
Lacourt-Saint-Pierre,Montech,Lacourt-Saint-Pierre Talicous,Montech Lacoste,2,"43.9765290,1.28419900","43.9595530,1.25136900"
Montech,Montech,Montech Lacoste,Montech Pont Canal,4,"43.9595530,1.25136900","43.9591700,1.23569400"
Montech,Montech,Montech Pont Canal,Montech Boulevard Lagal,6,"43.9591700,1.23569400","43.9568970,1.22736000"
Montech,Bourret,Montech Boulevard Lagal,Bourret,6,"43.9568970,1.22736000","43.9471490,1.15077500"
Bourret,Larrazet,Bourret,Larrazet Avenue de Gascogne,9,"43.9471490,1.15077500","43.9310970,1.08439300"
Larrazet,Beaumont-de-Lomagne,Larrazet Avenue de Gascogne,Beaumont-de-Lomagne Place Jean Moulin,6,"43.9310970,1.08439300","43.8823460,0.98401700"
Beaumont-de-Lomagne,Beaumont-de-Lomagne,Beaumont-de-Lomagne Place Jean Moulin,Beaumont-de-Lomagne L.e.p,5,"43.8823460,0.98401700","43.8769090,0.97829800"
Beaumont-de-Lomagne,Gimat,Beaumont-de-Lomagne L.e.p,Gimat,6,"43.8769090,0.97829800","43.8511560,0.94169100"
Gimat,Solomiac,Gimat,Solomiac,6,"43.8511560,0.94169100","43.8055990,0.89701900"
Solomiac,Mauvezin,Solomiac,Mauvezin,7,"43.8055990,0.89701900","43.7306060,0.87838600"
Mauvezin,Saint-Sauvy,Mauvezin,Saint-Sauvy,6,"43.7306060,0.87838600","43.6898790,0.82680800"
Saint-Sauvy,Auch,Saint-Sauvy,Auch,20,"43.6898790,0.82680800","43.6474880,0.59666100"
Auch,Auch,Auch,Auch Baylac,10,"43.6474880,0.59666100","43.6482880,0.58280600"
Bourret,Larrazet,Bourret,Larrazet,9,"43.9471490,1.15077500","43.9319440,1.08277800"
Larrazet,Beaumont-de-Lomagne,Larrazet,Beaumont-de-Lomagne Place Jean Moulin,6,"43.9319440,1.08277800","43.8823460,0.98401700"
Nevers,Fourchambault,Nevers,Fourchambault,5,"46.9872820,3.15074300","47.0189600,3.08716600"
Fourchambault,Pougues-les-Eaux,Fourchambault,Pougues-les-Eaux,4,"47.0189600,3.08716600","47.0767840,3.09403000"
Pougues-les-Eaux,La Charité-sur-Loire,Pougues-les-Eaux,La Charité-sur-Loire,8,"47.0767840,3.09403000","47.1799140,3.02388300"
La Charité-sur-Loire,Cosne-Cours-sur-Loire,La Charité-sur-Loire,Cosne-sur-Loire,15,"47.1799140,3.02388300","47.4139660,2.93192000"
Cosne-Cours-sur-Loire,Briare,Cosne-sur-Loire,Briare,15,"47.4139660,2.93192000","47.6463630,2.73365200"
Briare,Gien,Briare,Gien,6,"47.6463630,2.73365200","47.6990880,2.63620500"
Gien,Nogent-sur-Vernisson,Gien,Nogent-sur-Vernisson,10,"47.6990880,2.63620500","47.8527820,2.73781600"
Nogent-sur-Vernisson,Montargis,Nogent-sur-Vernisson,Montargis,9,"47.8527820,2.73781600","48.0068620,2.74278300"
Montargis,Saint-Pierre-lès-Nemours,Montargis,Nemours - Saint-Pierre,17,"48.0068620,2.74278300","48.2678660,2.68573300"
Saint-Pierre-lès-Nemours,Paris,Nemours - Saint-Pierre,Paris Bercy Bourg. Pays d'Auv.,48,"48.2678660,2.68573300","48.8392150,2.38279100"
Paris,Saint-Pierre-lès-Nemours,Paris Bercy Bourg. Pays d'Auv.,Nemours - Saint-Pierre,43,"48.8392150,2.38279100","48.2678660,2.68573300"
Saint-Pierre-lès-Nemours,Montargis,Nemours - Saint-Pierre,Montargis,16,"48.2678660,2.68573300","48.0068620,2.74278300"
Montargis,Nogent-sur-Vernisson,Montargis,Nogent-sur-Vernisson,10,"48.0068620,2.74278300","47.8527820,2.73781600"
Nogent-sur-Vernisson,Gien,Nogent-sur-Vernisson,Gien,10,"47.8527820,2.73781600","47.6990880,2.63620500"
Gien,Briare,Gien,Briare,6,"47.6990880,2.63620500","47.6463630,2.73365200"
Briare,Cosne-Cours-sur-Loire,Briare,Cosne-sur-Loire,15,"47.6463630,2.73365200","47.4139660,2.93192000"
Cosne-Cours-sur-Loire,Tracy-sur-Loire,Cosne-sur-Loire,Tracy Sancerre,6,"47.4139660,2.93192000","47.3380910,2.88029800"
Tracy-sur-Loire,La Charité-sur-Loire,Tracy Sancerre,La Charité-sur-Loire,11,"47.3380910,2.88029800","47.1799140,3.02388300"
La Charité-sur-Loire,Pougues-les-Eaux,La Charité-sur-Loire,Pougues-les-Eaux,7,"47.1799140,3.02388300","47.0767840,3.09403000"
Pougues-les-Eaux,Fourchambault,Pougues-les-Eaux,Fourchambault,5,"47.0767840,3.09403000","47.0189600,3.08716600"
Fourchambault,Nevers,Fourchambault,Nevers,6,"47.0189600,3.08716600","46.9872820,3.15074300"
Paris,Montargis,Paris Bercy Bourg. Pays d'Auv.,Montargis,57,"48.8392150,2.38279100","48.0068620,2.74278300"
Montargis,Paris,Montargis,Paris Bercy Bourg. Pays d'Auv.,75,"48.0068620,2.74278300","48.8392150,2.38279100"
La Charité-sur-Loire,Pouilly-sur-Loire,La Charité-sur-Loire,Pouilly-sur-Loire,7,"47.1799140,3.02388300","47.2822420,2.96627600"
Pouilly-sur-Loire,Cosne-Cours-sur-Loire,Pouilly-sur-Loire,Cosne-sur-Loire,10,"47.2822420,2.96627600","47.4139660,2.93192000"
La Charité-sur-Loire,Tracy-sur-Loire,La Charité-sur-Loire,Tracy Sancerre,11,"47.1799140,3.02388300","47.3380910,2.88029800"
Tracy-sur-Loire,Cosne-Cours-sur-Loire,Tracy Sancerre,Cosne-sur-Loire,6,"47.3380910,2.88029800","47.4139660,2.93192000"
Cosne-Cours-sur-Loire,La Charité-sur-Loire,Cosne-sur-Loire,La Charité-sur-Loire,16,"47.4139660,2.93192000","47.1799140,3.02388300"
Cosne-Cours-sur-Loire,Pouilly-sur-Loire,Cosne-sur-Loire,Pouilly-sur-Loire,10,"47.4139660,2.93192000","47.2822420,2.96627600"
Pouilly-sur-Loire,La Charité-sur-Loire,Pouilly-sur-Loire,La Charité-sur-Loire,7,"47.2822420,2.96627600","47.1799140,3.02388300"
Rennes,Dinard,Rennes,Dinard,121,"48.1035170,-1.6727440","48.6344440,-2.0550000"
Dinard,Rennes,Dinard,Rennes,124,"48.6344440,-2.0550000","48.1035170,-1.6727440"
Rennes,Fougères,Rennes,Fougères,67,"48.1035170,-1.6727440","48.3478650,-1.1913500"
Fougères,Rennes,Fougères,Rennes,64,"48.3478650,-1.1913500","48.1035170,-1.6727440"
Vittel,Contrexéville,Vittel,Contrexéville,5,"48.2021900,5.94191400","48.1796130,5.89063300"
Contrexéville,Culmont,Contrexéville,Culmont - Chalindrey,44,"48.1796130,5.89063300","47.8102020,5.44321900"
Culmont,Langres,Culmont - Chalindrey,Langres,8,"47.8102020,5.44321900","47.8769470,5.34440600"
Langres,Chaumont,Langres,Chaumont,21,"47.8769470,5.34440600","48.1097600,5.13460000"
Chaumont,Bar-sur-Aube,Chaumont,Bar-sur-Aube,20,"48.1097600,5.13460000","48.2385590,4.70687200"
Bar-sur-Aube,Vendeuvre-sur-Barse,Bar-sur-Aube,Vendeuvre,11,"48.2385590,4.70687200","48.2400690,4.46721400"
Vendeuvre-sur-Barse,Troyes,Vendeuvre,Troyes,16,"48.2400690,4.46721400","48.2960690,4.06528100"
Troyes,Romilly-sur-Seine,Troyes,Romilly-sur-Seine,18,"48.2960690,4.06528100","48.5144330,3.72888700"
Romilly-sur-Seine,Nogent-sur-Seine,Romilly-sur-Seine,Nogent-sur-Seine,11,"48.5144330,3.72888700","48.4970820,3.49414600"
Nogent-sur-Seine,Paris,Nogent-sur-Seine,Paris Est,56,"48.4970820,3.49414600","48.8767420,2.35842400"
Troyes,Vendeuvre-sur-Barse,Troyes,Vendeuvre,16,"48.2960690,4.06528100","48.2400690,4.46721400"
Vendeuvre-sur-Barse,Bar-sur-Aube,Vendeuvre,Bar-sur-Aube,12,"48.2400690,4.46721400","48.2385590,4.70687200"
Bar-sur-Aube,Chaumont,Bar-sur-Aube,Chaumont,21,"48.2385590,4.70687200","48.1097600,5.13460000"
Chaumont,Langres,Chaumont,Langres,21,"48.1097600,5.13460000","47.8769470,5.34440600"
Langres,Culmont,Langres,Culmont - Chalindrey,8,"47.8769470,5.34440600","47.8102020,5.44321900"
Culmont,Contrexéville,Culmont - Chalindrey,Contrexéville,44,"47.8102020,5.44321900","48.1796130,5.89063300"
Contrexéville,Vittel,Contrexéville,Vittel,5,"48.1796130,5.89063300","48.2021900,5.94191400"
Châlons-en-Champagne,Épernay,Châlons-en-Champagne,Épernay,16,"48.9552520,4.34865600","49.0462890,3.95979800"
Château-Thierry,La Ferté-sous-Jouarre,Château-Thierry,La Ferté-sous-Jouarre,15,"49.0381400,3.40930200","48.9507800,3.12546600"
La Ferté-sous-Jouarre,Paris,La Ferté-sous-Jouarre,Paris Est,40,"48.9507800,3.12546600","48.8767420,2.35842400"
Châlons-en-Champagne,Vitry-le-François,Châlons-en-Champagne,Vitry-le-François,16,"48.9552520,4.34865600","48.7179130,4.58751500"
Vitry-le-François,Saint-Dizier,Vitry-le-François,Saint-Dizier,19,"48.7179130,4.58751500","48.6422030,4.94806400"
Saint-Dizier,Vitry-le-François,Saint-Dizier,Vitry-le-François,19,"48.6422030,4.94806400","48.7179130,4.58751500"
Vitry-le-François,Châlons-en-Champagne,Vitry-le-François,Châlons-en-Champagne,16,"48.7179130,4.58751500","48.9552520,4.34865600"
Paris,La Ferté-sous-Jouarre,Paris Est,La Ferté-sous-Jouarre,37,"48.8767420,2.35842400","48.9507800,3.12546600"
La Ferté-sous-Jouarre,Château-Thierry,La Ferté-sous-Jouarre,Château-Thierry,15,"48.9507800,3.12546600","49.0381400,3.40930200"
Bar-le-Duc,Vitry-le-François,Bar-le-Duc,Vitry-le-François,23,"48.7735980,5.16705300","48.7179130,4.58751500"
Vitry-le-François,Bar-le-Duc,Vitry-le-François,Bar-le-Duc,25,"48.7179130,4.58751500","48.7735980,5.16705300"
Bar-le-Duc,Commercy,Bar-le-Duc,Commercy,20,"48.7735980,5.16705300","48.7656570,5.58836400"
Commercy,Toul,Commercy,Toul,15,"48.7656570,5.58836400","48.6788820,5.88061200"
Toul,Nancy,Toul,Nancy,21,"48.6788820,5.88061200","48.6898570,6.17457900"
Nancy,Lunéville,Nancy,Lunéville,18,"48.6898570,6.17457900","48.5879900,6.49699700"
Lunéville,Sarrebourg,Lunéville,Sarrebourg,22,"48.5879900,6.49699700","48.7380800,7.05285000"
Sarrebourg,Saverne,Sarrebourg,Saverne,16,"48.7380800,7.05285000","48.7444830,7.36205500"
Saverne,Strasbourg,Saverne,Strasbourg,29,"48.7444830,7.36205500","48.5851100,7.73388200"
Strasbourg,Saverne,Strasbourg,Saverne,22,"48.5851100,7.73388200","48.7444830,7.36205500"
Saverne,Sarrebourg,Saverne,Sarrebourg,16,"48.7444830,7.36205500","48.7380800,7.05285000"
Sarrebourg,Lunéville,Sarrebourg,Lunéville,27,"48.7380800,7.05285000","48.5879900,6.49699700"
Lunéville,Nancy,Lunéville,Nancy,19,"48.5879900,6.49699700","48.6898570,6.17457900"
Nancy,Toul,Nancy,Toul,22,"48.6898570,6.17457900","48.6788820,5.88061200"
Toul,Commercy,Toul,Commercy,16,"48.6788820,5.88061200","48.7656570,5.58836400"
Commercy,Bar-le-Duc,Commercy,Bar-le-Duc,22,"48.7656570,5.58836400","48.7735980,5.16705300"
Nogent-sur-Seine,Longueville,Nogent-sur-Seine,Longueville,11,"48.4970820,3.49414600","48.5137030,3.24982200"
Longueville,Paris,Longueville,Paris Est,48,"48.5137030,3.24982200","48.8767420,2.35842400"
Paris,Longueville,Paris Est,Longueville,46,"48.8767420,2.35842400","48.5137030,3.24982200"
Longueville,Nogent-sur-Seine,Longueville,Nogent-sur-Seine,12,"48.5137030,3.24982200","48.4970820,3.49414600"
Belfort,Lure,Belfort-Ville,Lure,17,"47.6332780,6.85405300","47.6832740,6.49256300"
Lure,Vesoul,Lure,Vesoul,18,"47.6832740,6.49256300","47.6178100,6.15232100"
Vesoul,Culmont,Vesoul,Culmont - Chalindrey,37,"47.6178100,6.15232100","47.8102020,5.44321900"
Mulhouse,Altkirch,Mulhouse,Altkirch,9,"47.7426910,7.34316000","47.6268500,7.23944600"
Altkirch,Belfort,Altkirch,Belfort-Ville,16,"47.6268500,7.23944600","47.6332780,6.85405300"
Culmont,Vesoul,Culmont - Chalindrey,Vesoul,37,"47.8102020,5.44321900","47.6178100,6.15232100"
Vesoul,Lure,Vesoul,Lure,16,"47.6178100,6.15232100","47.6832740,6.49256300"
Lure,Belfort,Lure,Belfort-Ville,18,"47.6832740,6.49256300","47.6332780,6.85405300"
Belfort,Altkirch,Belfort-Ville,Altkirch,15,"47.6332780,6.85405300","47.6268500,7.23944600"
Altkirch,Mulhouse,Altkirch,Mulhouse,10,"47.6268500,7.23944600","47.7426910,7.34316000"
Culmont,Marcilly-sur-Tille,Culmont - Chalindrey,Is-sur-Tille,25,"47.8102020,5.44321900","47.5204540,5.12948100"
Marcilly-sur-Tille,Dijon,Is-sur-Tille,Dijon,20,"47.5204540,5.12948100","47.3234110,5.02725600"
Dijon,Dijon,Dijon,Dijon Porte Neuve,10,"47.3234110,5.02725600","47.3228000,5.05490500"
Dijon,Marcilly-sur-Tille,Dijon Porte Neuve,Is-sur-Tille,20,"47.3228000,5.05490500","47.5204540,5.12948100"
Marcilly-sur-Tille,Culmont,Is-sur-Tille,Culmont - Chalindrey,27,"47.5204540,5.12948100","47.8102020,5.44321900"
Paris,Persan,Paris Gare du Nord,Persan - Beaumont,36,"48.8801360,2.35485100","49.1479500,2.27914000"
Persan,Chambly,Persan - Beaumont,Chambly,4,"49.1479500,2.27914000","49.1636920,2.24060700"
Chambly,Bornel,Chambly,Bornel - Belle-Église,4,"49.1636920,2.24060700","49.1946210,2.20724100"
Bornel,Esches,Bornel - Belle-Église,Esches,3,"49.1946210,2.20724100","49.2132450,2.17036800"
Esches,Méru,Esches,Méru,4,"49.2132450,2.17036800","49.2322290,2.13191900"
Méru,Laboissière-en-Thelle,Méru,Laboissière - Le Déluge,5,"49.2322290,2.13191900","49.2886700,2.13619700"
Laboissière-en-Thelle,Saint-Sulpice,Laboissière - Le Déluge,Saint-Sulpice - Auteuil,6,"49.2886700,2.13619700","49.3467350,2.11732000"
Saint-Sulpice,Beauvais,Saint-Sulpice - Auteuil,Beauvais,10,"49.3467350,2.11732000","49.4266720,2.08743200"
Beauvais,Saint-Sulpice,Beauvais,Saint-Sulpice - Auteuil,9,"49.4266720,2.08743200","49.3467350,2.11732000"
Saint-Sulpice,Méru,Saint-Sulpice - Auteuil,Méru,11,"49.3467350,2.11732000","49.2322290,2.13191900"
Méru,Bornel,Méru,Bornel - Belle-Église,6,"49.2322290,2.13191900","49.1946210,2.20724100"
Bornel,Chambly,Bornel - Belle-Église,Chambly,4,"49.1946210,2.20724100","49.1636920,2.24060700"
Chambly,Paris,Chambly,Paris Gare du Nord,36,"49.1636920,2.24060700","48.8801360,2.35485100"
Saint-Sulpice,Laboissière-en-Thelle,Saint-Sulpice - Auteuil,Laboissière - Le Déluge,7,"49.3467350,2.11732000","49.2886700,2.13619700"
Laboissière-en-Thelle,Méru,Laboissière - Le Déluge,Méru,6,"49.2886700,2.13619700","49.2322290,2.13191900"
Méru,Esches,Méru,Esches,5,"49.2322290,2.13191900","49.2132450,2.17036800"
Esches,Bornel,Esches,Bornel - Belle-Église,4,"49.2132450,2.17036800","49.1946210,2.20724100"
Chambly,Persan,Chambly,Persan - Beaumont,5,"49.1636920,2.24060700","49.1479500,2.27914000"
Persan,Paris,Persan - Beaumont,Paris Gare du Nord,29,"49.1479500,2.27914000","48.8801360,2.35485100"
Paris,Chambly,Paris Gare du Nord,Chambly,35,"48.8801360,2.35485100","49.1636920,2.24060700"
Bornel,Méru,Bornel - Belle-Église,Méru,7,"49.1946210,2.20724100","49.2322290,2.13191900"
Méru,Saint-Sulpice,Méru,Saint-Sulpice - Auteuil,10,"49.2322290,2.13191900","49.3467350,2.11732000"
Paris,Orry-la-Ville,Paris Gare du Nord,Orry-la-Ville - Coye,19,"48.8801360,2.35485100","49.1389300,2.48999700"
Orry-la-Ville,Chantilly,Orry-la-Ville - Coye,Chantilly - Gouvieux,4,"49.1389300,2.48999700","49.1872190,2.45977100"
Chantilly,Creil,Chantilly - Gouvieux,Creil,7,"49.1872190,2.45977100","49.2646160,2.47081900"
Creil,Chantilly,Creil,Chantilly - Gouvieux,7,"49.2646160,2.47081900","49.1872190,2.45977100"
Chantilly,Orry-la-Ville,Chantilly - Gouvieux,Orry-la-Ville - Coye,4,"49.1872190,2.45977100","49.1389300,2.48999700"
Orry-la-Ville,Paris,Orry-la-Ville - Coye,Paris Gare du Nord,20,"49.1389300,2.48999700","48.8801360,2.35485100"
Pont-Sainte-Maxence,Rieux,Pont-Sainte-Maxence,Rieux - Angicourt,6,"49.3097360,2.60289300","49.2985810,2.52118500"
Rieux,Creil,Rieux - Angicourt,Creil,6,"49.2985810,2.52118500","49.2646160,2.47081900"
Creil,Villers-Saint-Paul,Creil,Villers-Saint-Paul,3,"49.2646160,2.47081900","49.2823960,2.48945500"
Villers-Saint-Paul,Rieux,Villers-Saint-Paul,Rieux - Angicourt,3,"49.2823960,2.48945500","49.2985810,2.52118500"
Rieux,Pont-Sainte-Maxence,Rieux - Angicourt,Pont-Sainte-Maxence,4,"49.2985810,2.52118500","49.3097360,2.60289300"
Rieux,Villers-Saint-Paul,Rieux - Angicourt,Villers-Saint-Paul,3,"49.2985810,2.52118500","49.2823960,2.48945500"
Villers-Saint-Paul,Creil,Villers-Saint-Paul,Creil,4,"49.2823960,2.48945500","49.2646160,2.47081900"
Compiègne,Jaux,Compiègne,Jaux,5,"49.4219420,2.82364800","49.3864480,2.77729900"
Jaux,Le Meux,Jaux,Le Meux - La Croix-Saint-Ouen,3,"49.3864480,2.77729900","49.3594900,2.75348300"
Le Meux,Longueil-Sainte-Marie,Le Meux - La Croix-Saint-Ouen,Longueil-Sainte-Marie,3,"49.3594900,2.75348300","49.3424070,2.71763600"
Longueil-Sainte-Marie,Chevrières,Longueil-Sainte-Marie,Chevrières,3,"49.3424070,2.71763600","49.3373140,2.68301500"
Chevrières,Pont-Sainte-Maxence,Chevrières,Pont-Sainte-Maxence,4,"49.3373140,2.68301500","49.3097360,2.60289300"
Compiègne,Le Meux,Compiègne,Le Meux - La Croix-Saint-Ouen,6,"49.4219420,2.82364800","49.3594900,2.75348300"
Creil,Rieux,Creil,Rieux - Angicourt,4,"49.2646160,2.47081900","49.2985810,2.52118500"
Pont-Sainte-Maxence,Longueil-Sainte-Marie,Pont-Sainte-Maxence,Longueil-Sainte-Marie,7,"49.3097360,2.60289300","49.3424070,2.71763600"
Longueil-Sainte-Marie,Compiègne,Longueil-Sainte-Marie,Compiègne,10,"49.3424070,2.71763600","49.4219420,2.82364800"
Pont-Sainte-Maxence,Chevrières,Pont-Sainte-Maxence,Chevrières,5,"49.3097360,2.60289300","49.3373140,2.68301500"
Chevrières,Longueil-Sainte-Marie,Chevrières,Longueil-Sainte-Marie,3,"49.3373140,2.68301500","49.3424070,2.71763600"
Longueil-Sainte-Marie,Le Meux,Longueil-Sainte-Marie,Le Meux - La Croix-Saint-Ouen,3,"49.3424070,2.71763600","49.3594900,2.75348300"
Le Meux,Jaux,Le Meux - La Croix-Saint-Ouen,Jaux,4,"49.3594900,2.75348300","49.3864480,2.77729900"
Jaux,Compiègne,Jaux,Compiègne,6,"49.3864480,2.77729900","49.4219420,2.82364800"
Pont-Sainte-Maxence,Villers-Saint-Paul,Pont-Sainte-Maxence,Villers-Saint-Paul,10,"49.3097360,2.60289300","49.2823960,2.48945500"
Le Meux,Compiègne,Le Meux - La Croix-Saint-Ouen,Compiègne,8,"49.3594900,2.75348300","49.4219420,2.82364800"
Chevrières,Le Meux,Chevrières,Le Meux - La Croix-Saint-Ouen,5,"49.3373140,2.68301500","49.3594900,2.75348300"
Longueau,Ailly-sur-Noye,Longueau,Ailly-sur-Noye,8,"49.8646780,2.34993700","49.7541970,2.36463000"
Ailly-sur-Noye,Bacouël,Ailly-sur-Noye,Breteuil-Embranchement,9,"49.7541970,2.36463000","49.6264990,2.38471400"
Bacouël,Saint-Just-en-Chaussée,Breteuil-Embranchement,Saint-Just-en-Chaussée,8,"49.6264990,2.38471400","49.5034860,2.42958000"
Saint-Just-en-Chaussée,Avrechy,Saint-Just-en-Chaussée,Avrechy,5,"49.5034860,2.42958000","49.4446370,2.41819400"
Avrechy,Clermont,Avrechy,Clermont de l'Oise,4,"49.4446370,2.41819400","49.3849830,2.41772700"
Clermont,Rantigny,Clermont de l'Oise,Liancourt - Rantigny,5,"49.3849830,2.41772700","49.3248180,2.44525500"
Rantigny,Laigneville,Liancourt - Rantigny,Laigneville,3,"49.3248180,2.44525500","49.2930050,2.44831200"
Laigneville,Creil,Laigneville,Creil,4,"49.2930050,2.44831200","49.2646160,2.47081900"
Creil,Laigneville,Creil,Laigneville,5,"49.2646160,2.47081900","49.2930050,2.44831200"
Laigneville,Rantigny,Laigneville,Liancourt - Rantigny,3,"49.2930050,2.44831200","49.3248180,2.44525500"
Rantigny,Clermont,Liancourt - Rantigny,Clermont de l'Oise,5,"49.3248180,2.44525500","49.3849830,2.41772700"
Saint-Just-en-Chaussée,Bacouël,Saint-Just-en-Chaussée,Breteuil-Embranchement,10,"49.5034860,2.42958000","49.6264990,2.38471400"
Bacouël,Ailly-sur-Noye,Breteuil-Embranchement,Ailly-sur-Noye,9,"49.6264990,2.38471400","49.7541970,2.36463000"
Ailly-sur-Noye,Longueau,Ailly-sur-Noye,Longueau,8,"49.7541970,2.36463000","49.8646780,2.34993700"
Clermont,Avrechy,Clermont de l'Oise,Avrechy,8,"49.3849830,2.41772700","49.4446370,2.41819400"
Avrechy,Saint-Just-en-Chaussée,Avrechy,Saint-Just-en-Chaussée,6,"49.4446370,2.41819400","49.5034860,2.42958000"
Creil,Saint-Just-en-Chaussée,Creil,Saint-Just-en-Chaussée,15,"49.2646160,2.47081900","49.5034860,2.42958000"
Laon,Pinon,Laon,Anizy - Pinon,12,"49.5699590,3.62566800","49.4965010,3.44880700"
Pinon,Soissons,Anizy - Pinon,Soissons,11,"49.4965010,3.44880700","49.3692260,3.33809000"
Soissons,Villers-Cotterêts,Soissons,Villers-Cotterêts,16,"49.3692260,3.33809000","49.2502290,3.09326100"
Villers-Cotterêts,Crépy-en-Valois,Villers-Cotterêts,Crépy-en-Valois,10,"49.2502290,3.09326100","49.2314610,2.88678300"
Crépy-en-Valois,Paris,Crépy-en-Valois,Paris Gare du Nord,94,"49.2314610,2.88678300","48.8801360,2.35485100"
Paris,Saint-Mard,Paris Gare du Nord,Dammartin - Juilly - Saint-Mard,23,"48.8801360,2.35485100","49.0321900,2.69887000"
Saint-Mard,Crépy-en-Valois,Dammartin - Juilly - Saint-Mard,Crépy-en-Valois,16,"49.0321900,2.69887000","49.2314610,2.88678300"
Crépy-en-Valois,Villers-Cotterêts,Crépy-en-Valois,Villers-Cotterêts,13,"49.2314610,2.88678300","49.2502290,3.09326100"
Villers-Cotterêts,Soissons,Villers-Cotterêts,Soissons,18,"49.2502290,3.09326100","49.3692260,3.33809000"
Soissons,Pinon,Soissons,Anizy - Pinon,12,"49.3692260,3.33809000","49.4965010,3.44880700"
Pinon,Laon,Anizy - Pinon,Laon,12,"49.4965010,3.44880700","49.5699590,3.62566800"
Paris,Crépy-en-Valois,Paris Gare du Nord,Crépy-en-Valois,73,"48.8801360,2.35485100","49.2314610,2.88678300"
Crépy-en-Valois,Saint-Mard,Crépy-en-Valois,Dammartin - Juilly - Saint-Mard,14,"49.2314610,2.88678300","49.0321900,2.69887000"
Saint-Mard,Paris,Dammartin - Juilly - Saint-Mard,Paris Gare du Nord,26,"49.0321900,2.69887000","48.8801360,2.35485100"
Villers-Cotterêts,Longpont,Villers-Cotterêts,Longpont,7,"49.2502290,3.09326100","49.2726020,3.23026500"
Longpont,Soissons,Longpont,Soissons,10,"49.2726020,3.23026500","49.3692260,3.33809000"
Saint-Mard,Le Plessis-Belleville,Dammartin - Juilly - Saint-Mard,Le Plessis-Belleville,4,"49.0321900,2.69887000","49.0959120,2.74485500"
Le Plessis-Belleville,Nanteuil-le-Haudouin,Le Plessis-Belleville,Nanteuil-le-Haudouin,4,"49.0959120,2.74485500","49.1427120,2.79455800"
Nanteuil-le-Haudouin,Crépy-en-Valois,Nanteuil-le-Haudouin,Crépy-en-Valois,7,"49.1427120,2.79455800","49.2314610,2.88678300"
Soissons,Longpont,Soissons,Longpont,10,"49.3692260,3.33809000","49.2726020,3.23026500"
Longpont,Villers-Cotterêts,Longpont,Villers-Cotterêts,8,"49.2726020,3.23026500","49.2502290,3.09326100"
Mantes-la-Jolie,Bréval,Mantes-la-Jolie,Bréval,12,"48.9898400,1.70337000","48.9433600,1.54191000"
Bréval,Bueil,Bréval,Bueil,6,"48.9433600,1.54191000","48.9253650,1.44343600"
Bueil,Évreux,Bueil,Évreux Normandie,17,"48.9253650,1.44343600","49.0187480,1.14962900"
Évreux,Bueil,Évreux Normandie,Bueil,17,"49.0187480,1.14962900","48.9253650,1.44343600"
Bueil,Bréval,Bueil,Bréval,6,"48.9253650,1.44343600","48.9433600,1.54191000"
Bréval,Mantes-la-Jolie,Bréval,Mantes-la-Jolie,13,"48.9433600,1.54191000","48.9898400,1.70337000"
Serquigny,Beaumont-le-Roger,Serquigny,Beaumont-le-Roger,4,"49.1077530,0.71928900","49.0742000,0.77269900"
Beaumont-le-Roger,Romilly-la-Puthenaye,Beaumont-le-Roger,Romilly-la-Puthenaye,7,"49.0742000,0.77269900","49.0039210,0.85486200"
Romilly-la-Puthenaye,Conches-en-Ouche,Romilly-la-Puthenaye,Conches,5,"49.0039210,0.85486200","48.9623600,0.93789000"
Conches-en-Ouche,La Bonneville-sur-Iton,Conches,La Bonneville-sur-Iton,5,"48.9623600,0.93789000","48.9884640,1.03507300"
La Bonneville-sur-Iton,Évreux,La Bonneville-sur-Iton,Évreux Normandie,7,"48.9884640,1.03507300","49.0187480,1.14962900"
Évreux,La Bonneville-sur-Iton,Évreux Normandie,La Bonneville-sur-Iton,6,"49.0187480,1.14962900","48.9884640,1.03507300"
La Bonneville-sur-Iton,Conches-en-Ouche,La Bonneville-sur-Iton,Conches,5,"48.9884640,1.03507300","48.9623600,0.93789000"
Conches-en-Ouche,Romilly-la-Puthenaye,Conches,Romilly-la-Puthenaye,6,"48.9623600,0.93789000","49.0039210,0.85486200"
Romilly-la-Puthenaye,Beaumont-le-Roger,Romilly-la-Puthenaye,Beaumont-le-Roger,6,"49.0039210,0.85486200","49.0742000,0.77269900"
Beaumont-le-Roger,Serquigny,Beaumont-le-Roger,Serquigny,6,"49.0742000,0.77269900","49.1077530,0.71928900"
Pontorson,Dol-de-Bretagne,Pontorson - Mont-Saint-Michel,Dol-de-Bretagne,16,"48.5527290,-1.5049310","48.5442500,-1.7505360"
Dol-de-Bretagne,Rennes,Dol-de-Bretagne,Pontchaillou,29,"48.5442500,-1.7505360","48.1186410,-1.6911180"
Rennes,Rennes,Pontchaillou,Rennes,5,"48.1186410,-1.6911180","48.1035170,-1.6727440"
Moon-sur-Elle,Saint-Lô,Lison,Saint-Lô,13,"49.2268340,-1.0503390","49.1169750,-1.0995250"
Saint-Lô,Coutances,Saint-Lô,Coutances,21,"49.1169750,-1.0995250","49.0429280,-1.4417260"
Coutances,Granville,Coutances,Granville,27,"49.0429280,-1.4417260","48.8383220,-1.5875470"
Caen,Thue et Mue,Caen,Bretteville - Norrey,8,"49.1763540,-0.3476130","49.2034110,-0.5127400"
Thue et Mue,Audrieu,Bretteville - Norrey,Audrieu,5,"49.2034110,-0.5127400","49.2161320,-0.5960140"
Audrieu,Bayeux,Audrieu,Bayeux,6,"49.2161320,-0.5960140","49.2697290,-0.6981000"
Bayeux,Le Molay-Littry,Bayeux,Le Molay-Littry,8,"49.2697290,-0.6981000","49.2493260,-0.8809740"
Le Molay-Littry,Moon-sur-Elle,Le Molay-Littry,Lison,7,"49.2493260,-0.8809740","49.2268340,-1.0503390"
Rennes,Rennes,Rennes,Pontchaillou,4,"48.1035170,-1.6727440","48.1186410,-1.6911180"
Rennes,Dol-de-Bretagne,Pontchaillou,Dol-de-Bretagne,28,"48.1186410,-1.6911180","48.5442500,-1.7505360"
Dol-de-Bretagne,Pontorson,Dol-de-Bretagne,Pontorson - Mont-Saint-Michel,16,"48.5442500,-1.7505360","48.5527290,-1.5049310"
Granville,Coutances,Granville,Coutances,26,"48.8383220,-1.5875470","49.0429280,-1.4417260"
Coutances,Saint-Lô,Coutances,Saint-Lô,21,"49.0429280,-1.4417260","49.1169750,-1.0995250"
Saint-Lô,Moon-sur-Elle,Saint-Lô,Lison,12,"49.1169750,-1.0995250","49.2268340,-1.0503390"
Moon-sur-Elle,Le Molay-Littry,Lison,Le Molay-Littry,8,"49.2268340,-1.0503390","49.2493260,-0.8809740"
Le Molay-Littry,Bayeux,Le Molay-Littry,Bayeux,8,"49.2493260,-0.8809740","49.2697290,-0.6981000"
Bayeux,Audrieu,Bayeux,Audrieu,6,"49.2697290,-0.6981000","49.2161320,-0.5960140"
Audrieu,Thue et Mue,Audrieu,Bretteville - Norrey,5,"49.2161320,-0.5960140","49.2034110,-0.5127400"
Thue et Mue,Caen,Bretteville - Norrey,Caen,9,"49.2034110,-0.5127400","49.1763540,-0.3476130"
Dinan,Dol-de-Bretagne,Dinan,Dol-de-Bretagne,20,"48.4567150,-2.0534250","48.5442500,-1.7505360"
Dol-de-Bretagne,Dinan,Dol-de-Bretagne,Dinan,20,"48.5442500,-1.7505360","48.4567150,-2.0534250"
Montreuil-sur-Ille,Saint-Médard-sur-Ille,Montreuil-sur-Ille,Saint-Médard-sur-Ille,4,"48.3072920,-1.6741550","48.2742220,-1.6674890"
Saint-Médard-sur-Ille,Saint-Germain-sur-Ille,Saint-Médard-sur-Ille,Saint-Germain-sur-Ille,3,"48.2742220,-1.6674890","48.2396620,-1.6538850"
Saint-Germain-sur-Ille,Chevaigné,Saint-Germain-sur-Ille,Chevaigné,4,"48.2396620,-1.6538850","48.2085820,-1.6303600"
Chevaigné,Betton,Chevaigné,Betton,3,"48.2085820,-1.6303600","48.1814800,-1.6344750"
Betton,Rennes,Betton,Pontchaillou,6,"48.1814800,-1.6344750","48.1186410,-1.6911180"
Rennes,Betton,Pontchaillou,Betton,5,"48.1186410,-1.6911180","48.1814800,-1.6344750"
Betton,Chevaigné,Betton,Chevaigné,3,"48.1814800,-1.6344750","48.2085820,-1.6303600"
Chevaigné,Saint-Germain-sur-Ille,Chevaigné,Saint-Germain-sur-Ille,4,"48.2085820,-1.6303600","48.2396620,-1.6538850"
Saint-Germain-sur-Ille,Saint-Médard-sur-Ille,Saint-Germain-sur-Ille,Saint-Médard-sur-Ille,3,"48.2396620,-1.6538850","48.2742220,-1.6674890"
Saint-Médard-sur-Ille,Montreuil-sur-Ille,Saint-Médard-sur-Ille,Montreuil-sur-Ille,5,"48.2742220,-1.6674890","48.3072920,-1.6741550"
Saint-Malo,Saint-Méloir-des-Ondes,Saint-Malo,La Gouesnière - Cancale,6,"48.6468590,-2.0041580","48.6144560,-1.9056880"
Saint-Méloir-des-Ondes,Dol-de-Bretagne,La Gouesnière - Cancale,Dol-de-Bretagne,9,"48.6144560,-1.9056880","48.5442500,-1.7505360"
Dol-de-Bretagne,Combourg,Dol-de-Bretagne,Combourg,11,"48.5442500,-1.7505360","48.4160900,-1.7279200"
Combourg,Montreuil-sur-Ille,Combourg,Montreuil-sur-Ille,8,"48.4160900,-1.7279200","48.3072920,-1.6741550"
Montreuil-sur-Ille,Rennes,Montreuil-sur-Ille,Pontchaillou,15,"48.3072920,-1.6741550","48.1186410,-1.6911180"
Rennes,Montreuil-sur-Ille,Pontchaillou,Montreuil-sur-Ille,13,"48.1186410,-1.6911180","48.3072920,-1.6741550"
Montreuil-sur-Ille,Combourg,Montreuil-sur-Ille,Combourg,7,"48.3072920,-1.6741550","48.4160900,-1.7279200"
Combourg,Dol-de-Bretagne,Combourg,Dol-de-Bretagne,9,"48.4160900,-1.7279200","48.5442500,-1.7505360"
Dol-de-Bretagne,La Fresnais,Dol-de-Bretagne,La Fresnais,6,"48.5442500,-1.7505360","48.5936470,-1.8431070"
La Fresnais,Saint-Malo,La Fresnais,Saint-Malo,12,"48.5936470,-1.8431070","48.6468590,-2.0041580"
Combourg,Dingé,Combourg,Dingé,6,"48.4160900,-1.7279200","48.3507380,-1.6859730"
Dingé,Montreuil-sur-Ille,Dingé,Montreuil-sur-Ille,3,"48.3507380,-1.6859730","48.3072920,-1.6741550"
Dol-de-Bretagne,Saint-Méloir-des-Ondes,Dol-de-Bretagne,La Gouesnière - Cancale,8,"48.5442500,-1.7505360","48.6144560,-1.9056880"
Saint-Méloir-des-Ondes,Saint-Malo,La Gouesnière - Cancale,Saint-Malo,7,"48.6144560,-1.9056880","48.6468590,-2.0041580"
Saint-Méloir-des-Ondes,La Fresnais,La Gouesnière - Cancale,La Fresnais,4,"48.6144560,-1.9056880","48.5936470,-1.8431070"
La Fresnais,Dol-de-Bretagne,La Fresnais,Dol-de-Bretagne,6,"48.5936470,-1.8431070","48.5442500,-1.7505360"
Dol-de-Bretagne,Bonnemain,Dol-de-Bretagne,Bonnemain,6,"48.5442500,-1.7505360","48.4764050,-1.7654130"
Bonnemain,Combourg,Bonnemain,Combourg,5,"48.4764050,-1.7654130","48.4160900,-1.7279200"
Combourg,Rennes,Combourg,Pontchaillou,20,"48.4160900,-1.7279200","48.1186410,-1.6911180"
Chevaigné,Rennes,Chevaigné,Pontchaillou,7,"48.2085820,-1.6303600","48.1186410,-1.6911180"
Rennes,Combourg,Pontchaillou,Combourg,19,"48.1186410,-1.6911180","48.4160900,-1.7279200"
Dol-de-Bretagne,Saint-Malo,Dol-de-Bretagne,Saint-Malo,14,"48.5442500,-1.7505360","48.6468590,-2.0041580"
Saint-Malo,La Fresnais,Saint-Malo,La Fresnais,8,"48.6468590,-2.0041580","48.5936470,-1.8431070"
Dingé,Rennes,Dingé,Pontchaillou,16,"48.3507380,-1.6859730","48.1186410,-1.6911180"
Montreuil-sur-Ille,Dingé,Montreuil-sur-Ille,Dingé,4,"48.3072920,-1.6741550","48.3507380,-1.6859730"
Dingé,Combourg,Dingé,Combourg,6,"48.3507380,-1.6859730","48.4160900,-1.7279200"
Combourg,Bonnemain,Combourg,Bonnemain,5,"48.4160900,-1.7279200","48.4764050,-1.7654130"
Bonnemain,Dol-de-Bretagne,Bonnemain,Dol-de-Bretagne,6,"48.4764050,-1.7654130","48.5442500,-1.7505360"
Saint-Malo,Dol-de-Bretagne,Saint-Malo,Dol-de-Bretagne,13,"48.6468590,-2.0041580","48.5442500,-1.7505360"
Combourg,Rennes,Combourg,Rennes,24,"48.4160900,-1.7279200","48.1035170,-1.6727440"
La Fresnais,Saint-Méloir-des-Ondes,La Fresnais,La Gouesnière - Cancale,4,"48.5936470,-1.8431070","48.6144560,-1.9056880"
Rennes,Chevaigné,Pontchaillou,Chevaigné,7,"48.1186410,-1.6911180","48.2085820,-1.6303600"
Rennes,Dingé,Pontchaillou,Dingé,17,"48.1186410,-1.6911180","48.3507380,-1.6859730"
Vitré,Saint-Aubin-des-Landes,Vitré,Les Lacs,6,"48.1226710,-1.2117540","48.1088910,-1.3222660"
Saint-Aubin-des-Landes,Châteaubourg,Les Lacs,Châteaubourg,5,"48.1088910,-1.3222660","48.1063610,-1.4051590"
Châteaubourg,Servon-sur-Vilaine,Châteaubourg,Servon,3,"48.1063610,-1.4051590","48.1122130,-1.4652100"
Servon-sur-Vilaine,Noyal-sur-Vilaine,Servon,Noyal - Acigné,4,"48.1122130,-1.4652100","48.1187920,-1.5277650"
Noyal-sur-Vilaine,Cesson-Sévigné,Noyal - Acigné,Cesson-Sévigné,4,"48.1187920,-1.5277650","48.1128100,-1.6021100"
Cesson-Sévigné,Rennes,Cesson-Sévigné,Rennes,7,"48.1128100,-1.6021100","48.1035170,-1.6727440"
Rennes,Cesson-Sévigné,Rennes,Cesson-Sévigné,5,"48.1035170,-1.6727440","48.1128100,-1.6021100"
Cesson-Sévigné,Noyal-sur-Vilaine,Cesson-Sévigné,Noyal - Acigné,5,"48.1128100,-1.6021100","48.1187920,-1.5277650"
Noyal-sur-Vilaine,Servon-sur-Vilaine,Noyal - Acigné,Servon,3,"48.1187920,-1.5277650","48.1122130,-1.4652100"
Servon-sur-Vilaine,Châteaubourg,Servon,Châteaubourg,4,"48.1122130,-1.4652100","48.1063610,-1.4051590"
Châteaubourg,Saint-Aubin-des-Landes,Châteaubourg,Les Lacs,4,"48.1063610,-1.4051590","48.1088910,-1.3222660"
Saint-Aubin-des-Landes,Vitré,Les Lacs,Vitré,9,"48.1088910,-1.3222660","48.1226710,-1.2117540"
Montauban-de-Bretagne,Montauban-de-Bretagne,La Brohinière,Montauban-de-Bretagne,4,"48.2134720,-2.1104520","48.1902410,-2.0526750"
Montauban-de-Bretagne,Montfort-sur-Meu,Montauban-de-Bretagne,Montfort-sur-Meu,6,"48.1902410,-2.0526750","48.1388780,-1.9491410"
Montfort-sur-Meu,Breteil,Montfort-sur-Meu,Breteil,3,"48.1388780,-1.9491410","48.1405390,-1.8975450"
Breteil,L'Hermitage,Breteil,L'Hermitage - Mordelles,4,"48.1405390,-1.8975450","48.1232820,-1.8192100"
L'Hermitage,Rennes,L'Hermitage - Mordelles,Rennes,9,"48.1232820,-1.8192100","48.1035170,-1.6727440"
Rennes,L'Hermitage,Rennes,L'Hermitage - Mordelles,8,"48.1035170,-1.6727440","48.1232820,-1.8192100"
L'Hermitage,Breteil,L'Hermitage - Mordelles,Breteil,4,"48.1232820,-1.8192100","48.1405390,-1.8975450"
Breteil,Montfort-sur-Meu,Breteil,Montfort-sur-Meu,3,"48.1405390,-1.8975450","48.1388780,-1.9491410"
Montfort-sur-Meu,Montauban-de-Bretagne,Montfort-sur-Meu,Montauban-de-Bretagne,6,"48.1388780,-1.9491410","48.1902410,-2.0526750"
Montauban-de-Bretagne,Montauban-de-Bretagne,Montauban-de-Bretagne,La Brohinière,5,"48.1902410,-2.0526750","48.2134720,-2.1104520"
Montauban-de-Bretagne,Montfort-sur-Meu,La Brohinière,Montfort-sur-Meu,11,"48.2134720,-2.1104520","48.1388780,-1.9491410"
Breteil,Rennes,Breteil,Rennes,12,"48.1405390,-1.8975450","48.1035170,-1.6727440"
Saint-Brieuc,Lamballe-Armor,Saint-Brieuc,Lamballe,10,"48.5075800,-2.7650000","48.4660600,-2.5115460"
Lamballe-Armor,Broons,Lamballe,Broons,14,"48.4660600,-2.5115460","48.3333980,-2.2357460"
Broons,Caulnes,Broons,Caulnes,5,"48.3333980,-2.2357460","48.2844260,-2.1555930"
Caulnes,Quédillac,Caulnes,Quédillac,3,"48.2844260,-2.1555930","48.2484800,-2.1452200"
Quédillac,Montauban-de-Bretagne,Quédillac,Montauban-de-Bretagne,6,"48.2484800,-2.1452200","48.1902410,-2.0526750"
Rennes,Montfort-sur-Meu,Rennes,Montfort-sur-Meu,14,"48.1035170,-1.6727440","48.1388780,-1.9491410"
Montauban-de-Bretagne,Caulnes,Montauban-de-Bretagne,Caulnes,8,"48.1902410,-2.0526750","48.2844260,-2.1555930"
Caulnes,Broons,Caulnes,Broons,5,"48.2844260,-2.1555930","48.3333980,-2.2357460"
Broons,Plénée-Jugon,Broons,Plénée-Jugon,6,"48.3333980,-2.2357460","48.3766560,-2.3546110"
Plénée-Jugon,Plestan,Plénée-Jugon,Plestan,6,"48.3766560,-2.3546110","48.4257120,-2.4424840"
Plestan,Lamballe-Armor,Plestan,Lamballe,5,"48.4257120,-2.4424840","48.4660600,-2.5115460"
Lamballe-Armor,Yffiniac,Lamballe,Yffiniac,6,"48.4660600,-2.5115460","48.4700830,-2.6524470"
Yffiniac,Saint-Brieuc,Yffiniac,Saint-Brieuc,7,"48.4700830,-2.6524470","48.5075800,-2.7650000"
Montfort-sur-Meu,Rennes,Montfort-sur-Meu,Rennes,15,"48.1388780,-1.9491410","48.1035170,-1.6727440"
Lamballe-Armor,Montauban-de-Bretagne,Lamballe,La Brohinière,21,"48.4660600,-2.5115460","48.2134720,-2.1104520"
Caulnes,Montauban-de-Bretagne,Caulnes,Montauban-de-Bretagne,7,"48.2844260,-2.1555930","48.1902410,-2.0526750"
Broons,Lamballe-Armor,Broons,Lamballe,14,"48.3333980,-2.2357460","48.4660600,-2.5115460"
Lamballe-Armor,Saint-Brieuc,Lamballe,Saint-Brieuc,11,"48.4660600,-2.5115460","48.5075800,-2.7650000"
Saint-Brieuc,Yffiniac,Saint-Brieuc,Yffiniac,6,"48.5075800,-2.7650000","48.4700830,-2.6524470"
Yffiniac,Lamballe-Armor,Yffiniac,Lamballe,6,"48.4700830,-2.6524470","48.4660600,-2.5115460"
Lamballe-Armor,Plestan,Lamballe,Plestan,5,"48.4660600,-2.5115460","48.4257120,-2.4424840"
Plestan,Plénée-Jugon,Plestan,Plénée-Jugon,5,"48.4257120,-2.4424840","48.3766560,-2.3546110"
Plénée-Jugon,Broons,Plénée-Jugon,Broons,6,"48.3766560,-2.3546110","48.3333980,-2.2357460"
Montauban-de-Bretagne,Quédillac,Montauban-de-Bretagne,Quédillac,6,"48.1902410,-2.0526750","48.2484800,-2.1452200"
Quédillac,Caulnes,Quédillac,Caulnes,3,"48.2484800,-2.1452200","48.2844260,-2.1555930"
Rennes,Breteil,Rennes,Breteil,10,"48.1035170,-1.6727440","48.1405390,-1.8975450"
Montauban-de-Bretagne,Rennes,Montauban-de-Bretagne,Rennes,21,"48.1902410,-2.0526750","48.1035170,-1.6727440"
Montfort-sur-Meu,Quédillac,Montfort-sur-Meu,Quédillac,11,"48.1388780,-1.9491410","48.2484800,-2.1452200"
Montauban-de-Bretagne,Quédillac,La Brohinière,Quédillac,4,"48.2134720,-2.1104520","48.2484800,-2.1452200"
Brest,Landerneau,Brest,Landerneau,10,"48.3876200,-4.4803060","48.4535720,-4.2565280"
Landerneau,Landivisiau,Landerneau,Landivisiau,10,"48.4535720,-4.2565280","48.4960020,-4.0821810"
Landivisiau,Morlaix,Landivisiau,Morlaix,16,"48.4960020,-4.0821810","48.5779700,-3.8325140"
Morlaix,Plouaret,Morlaix,Plouaret Trégor,15,"48.5779700,-3.8325140","48.6064220,-3.4669790"
Plouaret,Guingamp,Plouaret Trégor,Guingamp,13,"48.6064220,-3.4669790","48.5556590,-3.1433430"
Guingamp,Saint-Brieuc,Guingamp,Saint-Brieuc,15,"48.5556590,-3.1433430","48.5075800,-2.7650000"
Lamballe-Armor,Rennes,Lamballe,Rennes,42,"48.4660600,-2.5115460","48.1035170,-1.6727440"
Rennes,Lamballe-Armor,Rennes,Lamballe,37,"48.1035170,-1.6727440","48.4660600,-2.5115460"
Saint-Brieuc,Guingamp,Saint-Brieuc,Guingamp,14,"48.5075800,-2.7650000","48.5556590,-3.1433430"
Guingamp,Plouaret,Guingamp,Plouaret Trégor,14,"48.5556590,-3.1433430","48.6064220,-3.4669790"
Plouaret,Morlaix,Plouaret Trégor,Morlaix,16,"48.6064220,-3.4669790","48.5779700,-3.8325140"
Morlaix,Landivisiau,Morlaix,Landivisiau,18,"48.5779700,-3.8325140","48.4960020,-4.0821810"
Landivisiau,Landerneau,Landivisiau,Landerneau,11,"48.4960020,-4.0821810","48.4535720,-4.2565280"
Landerneau,Brest,Landerneau,Brest,12,"48.4535720,-4.2565280","48.3876200,-4.4803060"
Guingamp,Morlaix,Guingamp,Morlaix,28,"48.5556590,-3.1433430","48.5779700,-3.8325140"
Morlaix,Guingamp,Morlaix,Guingamp,27,"48.5779700,-3.8325140","48.5556590,-3.1433430"
Guipry-Messac,Pléchâtel,Messac - Guipry,Pléchâtel,4,"47.8222500,-1.8182200","47.8718610,-1.7763520"
Pléchâtel,Saint-Senoux,Pléchâtel,Saint-Senoux - Pléchâtel,4,"47.8718610,-1.7763520","47.8978370,-1.7661380"
Saint-Senoux,Guichen,Saint-Senoux - Pléchâtel,Guichen - Bourg-des-Comptes,3,"47.8978370,-1.7661380","47.9350960,-1.7601850"
Guichen,Guichen,Guichen - Bourg-des-Comptes,Laillé,4,"47.9350960,-1.7601850","47.9710690,-1.7492520"
Guichen,Bruz,Laillé,Bruz,4,"47.9710690,-1.7492520","48.0285800,-1.7515870"
Bruz,Bruz,Bruz,Ker Lann,2,"48.0285800,-1.7515870","48.0429860,-1.7398310"
Bruz,Saint-Jacques-de-la-Lande,Ker Lann,Saint-Jacques-de-la-Lande,3,"48.0429860,-1.7398310","48.0670980,-1.7142370"
Saint-Jacques-de-la-Lande,Rennes,Saint-Jacques-de-la-Lande,Rennes,6,"48.0670980,-1.7142370","48.1035170,-1.6727440"
Rennes,Saint-Jacques-de-la-Lande,Rennes,Saint-Jacques-de-la-Lande,5,"48.1035170,-1.6727440","48.0670980,-1.7142370"
Saint-Jacques-de-la-Lande,Bruz,Saint-Jacques-de-la-Lande,Ker Lann,3,"48.0670980,-1.7142370","48.0429860,-1.7398310"
Bruz,Guichen,Ker Lann,Laillé,5,"48.0429860,-1.7398310","47.9710690,-1.7492520"
Guichen,Guichen,Laillé,Guichen - Bourg-des-Comptes,4,"47.9710690,-1.7492520","47.9350960,-1.7601850"
Guichen,Pléchâtel,Guichen - Bourg-des-Comptes,Pléchâtel,5,"47.9350960,-1.7601850","47.8718610,-1.7763520"
Pléchâtel,Guipry-Messac,Pléchâtel,Messac - Guipry,6,"47.8718610,-1.7763520","47.8222500,-1.8182200"
Guichen,Bruz,Guichen - Bourg-des-Comptes,Bruz,6,"47.9350960,-1.7601850","48.0285800,-1.7515870"
Pléchâtel,Guichen,Pléchâtel,Guichen - Bourg-des-Comptes,6,"47.8718610,-1.7763520","47.9350960,-1.7601850"
Guichen,Bruz,Laillé,Ker Lann,5,"47.9710690,-1.7492520","48.0429860,-1.7398310"
Bruz,Bruz,Ker Lann,Bruz,2,"48.0429860,-1.7398310","48.0285800,-1.7515870"
Bruz,Guichen,Bruz,Laillé,4,"48.0285800,-1.7515870","47.9710690,-1.7492520"
Guichen,Saint-Senoux,Guichen - Bourg-des-Comptes,Saint-Senoux - Pléchâtel,3,"47.9350960,-1.7601850","47.8978370,-1.7661380"
Saint-Senoux,Pléchâtel,Saint-Senoux - Pléchâtel,Pléchâtel,3,"47.8978370,-1.7661380","47.8718610,-1.7763520"
Rennes,Bruz,Rennes,Ker Lann,6,"48.1035170,-1.6727440","48.0429860,-1.7398310"
Bruz,Guichen,Bruz,Guichen - Bourg-des-Comptes,7,"48.0285800,-1.7515870","47.9350960,-1.7601850"
Bruz,Rennes,Ker Lann,Rennes,8,"48.0429860,-1.7398310","48.1035170,-1.6727440"
Vannes,Questembert,Vannes,Questembert,12,"47.6651690,-2.7524500","47.6830210,-2.4496210"
Questembert,Malansac,Questembert,Malansac,6,"47.6830210,-2.4496210","47.6755590,-2.2958690"
Malansac,Redon,Malansac,Redon,9,"47.6755590,-2.2958690","47.6520040,-2.0877700"
Redon,Guémené-Penfao,Redon,Beslé,9,"47.6520040,-2.0877700","47.6988790,-1.8706370"
Guémené-Penfao,Langon,Beslé,Fougeray - Langon,3,"47.6988790,-1.8706370","47.7298650,-1.8513150"
Langon,Guipry-Messac,Fougeray - Langon,Messac - Guipry,7,"47.7298650,-1.8513150","47.8222500,-1.8182200"
Bruz,Rennes,Bruz,Rennes,9,"48.0285800,-1.7515870","48.1035170,-1.6727440"
Rennes,Bruz,Rennes,Bruz,7,"48.1035170,-1.6727440","48.0285800,-1.7515870"
Bruz,Guipry-Messac,Bruz,Messac - Guipry,13,"48.0285800,-1.7515870","47.8222500,-1.8182200"
Guipry-Messac,Guémené-Penfao,Messac - Guipry,Beslé,9,"47.8222500,-1.8182200","47.6988790,-1.8706370"
Guémené-Penfao,Massérac,Beslé,Massérac,4,"47.6988790,-1.8706370","47.6745990,-1.9143700"
Massérac,Redon,Massérac,Redon,9,"47.6745990,-1.9143700","47.6520040,-2.0877700"
Redon,Malansac,Redon,Malansac,9,"47.6520040,-2.0877700","47.6755590,-2.2958690"
Malansac,Questembert,Malansac,Questembert,7,"47.6755590,-2.2958690","47.6830210,-2.4496210"
Questembert,Vannes,Questembert,Vannes,14,"47.6830210,-2.4496210","47.6651690,-2.7524500"
Guipry-Messac,Bruz,Messac - Guipry,Bruz,13,"47.8222500,-1.8182200","48.0285800,-1.7515870"
Guémené-Penfao,Redon,Beslé,Redon,11,"47.6988790,-1.8706370","47.6520040,-2.0877700"
Redon,Guipry-Messac,Redon,Messac - Guipry,16,"47.6520040,-2.0877700","47.8222500,-1.8182200"
Guipry-Messac,Langon,Messac - Guipry,Fougeray - Langon,7,"47.8222500,-1.8182200","47.7298650,-1.8513150"
Langon,Guémené-Penfao,Fougeray - Langon,Beslé,3,"47.7298650,-1.8513150","47.6988790,-1.8706370"
Redon,Massérac,Redon,Massérac,7,"47.6520040,-2.0877700","47.6745990,-1.9143700"
Massérac,Guémené-Penfao,Massérac,Beslé,4,"47.6745990,-1.9143700","47.6988790,-1.8706370"
Guémené-Penfao,Guipry-Messac,Beslé,Messac - Guipry,8,"47.6988790,-1.8706370","47.8222500,-1.8182200"
Guipry-Messac,Redon,Messac - Guipry,Redon,20,"47.8222500,-1.8182200","47.6520040,-2.0877700"
Guipry-Messac,Guichen,Messac - Guipry,Guichen - Bourg-des-Comptes,8,"47.8222500,-1.8182200","47.9350960,-1.7601850"
Quimper,Rosporden,Quimper,Rosporden,11,"47.9944550,-4.0921030","47.9602240,-3.8327020"
Rosporden,Quimperlé,Rosporden,Quimperlé,13,"47.9602240,-3.8327020","47.8693750,-3.5526930"
Quimperlé,Lorient,Quimperlé,Lorient,11,"47.8693750,-3.5526930","47.7555970,-3.3662210"
Lorient,Hennebont,Lorient,Hennebont,6,"47.7555970,-3.3662210","47.7991300,-3.2857960"
Hennebont,Auray,Hennebont,Auray,11,"47.7991300,-3.2857960","47.6800850,-2.9993630"
Auray,Vannes,Auray,Vannes,10,"47.6800850,-2.9993630","47.6651690,-2.7524500"
Questembert,Redon,Questembert,Redon,15,"47.6830210,-2.4496210","47.6520040,-2.0877700"
Redon,Rennes,Redon,Rennes,35,"47.6520040,-2.0877700","48.1035170,-1.6727440"
Rennes,Redon,Rennes,Redon,34,"48.1035170,-1.6727440","47.6520040,-2.0877700"
Redon,Questembert,Redon,Questembert,14,"47.6520040,-2.0877700","47.6830210,-2.4496210"
Vannes,Auray,Vannes,Auray,10,"47.6651690,-2.7524500","47.6800850,-2.9993630"
Auray,Hennebont,Auray,Hennebont,13,"47.6800850,-2.9993630","47.7991300,-3.2857960"
Hennebont,Lorient,Hennebont,Lorient,6,"47.7991300,-3.2857960","47.7555970,-3.3662210"
Lorient,Quimperlé,Lorient,Quimperlé,12,"47.7555970,-3.3662210","47.8693750,-3.5526930"
Quimperlé,Rosporden,Quimperlé,Rosporden,14,"47.8693750,-3.5526930","47.9602240,-3.8327020"
Rosporden,Quimper,Rosporden,Quimper,14,"47.9602240,-3.8327020","47.9944550,-4.0921030"
Lorient,Auray,Lorient,Auray,17,"47.7555970,-3.3662210","47.6800850,-2.9993630"
Vannes,Redon,Vannes,Redon,26,"47.6651690,-2.7524500","47.6520040,-2.0877700"
Redon,Vannes,Redon,Vannes,24,"47.6520040,-2.0877700","47.6651690,-2.7524500"
Auray,Lorient,Auray,Lorient,17,"47.6800850,-2.9993630","47.7555970,-3.3662210"
Laval,Le Genest-Saint-Isle,Laval,Le Genest,6,"48.0762550,-0.7609290","48.0967410,-0.8856210"
Le Genest-Saint-Isle,Port-Brillet,Le Genest,Port-Brillet,4,"48.0967410,-0.8856210","48.1107070,-0.9740470"
Port-Brillet,Saint-Pierre-la-Cour,Port-Brillet,Saint-Pierre-la-Cour,4,"48.1107070,-0.9740470","48.1136510,-1.0255800"
Saint-Pierre-la-Cour,Vitré,Saint-Pierre-la-Cour,Vitré,7,"48.1136510,-1.0255800","48.1226710,-1.2117540"
Vitré,Saint-Pierre-la-Cour,Vitré,Saint-Pierre-la-Cour,8,"48.1226710,-1.2117540","48.1136510,-1.0255800"
Saint-Pierre-la-Cour,Port-Brillet,Saint-Pierre-la-Cour,Port-Brillet,3,"48.1136510,-1.0255800","48.1107070,-0.9740470"
Port-Brillet,Le Genest-Saint-Isle,Port-Brillet,Le Genest,4,"48.1107070,-0.9740470","48.0967410,-0.8856210"
Le Genest-Saint-Isle,Laval,Le Genest,Laval,7,"48.0967410,-0.8856210","48.0762550,-0.7609290"
Laval,Évron,Laval,Évron,15,"48.0762550,-0.7609290","48.1555170,-0.3971550"
Évron,Sillé-le-Guillaume,Évron,Sillé-le-Guillaume,13,"48.1555170,-0.3971550","48.1817950,-0.1288910"
Sillé-le-Guillaume,Conlie,Sillé-le-Guillaume,Conlie,6,"48.1817950,-0.1288910","48.1272210,-0.0116200"
Conlie,Le Mans,Conlie,Le Mans,14,"48.1272210,-0.0116200","47.9956150,0.19261400"
Le Mans,Sillé-le-Guillaume,Le Mans,Sillé-le-Guillaume,20,"47.9956150,0.19261400","48.1817950,-0.1288910"
Sillé-le-Guillaume,Évron,Sillé-le-Guillaume,Évron,12,"48.1817950,-0.1288910","48.1555170,-0.3971550"
Évron,Neau,Évron,Neau,5,"48.1555170,-0.3971550","48.1575260,-0.4765700"
Neau,Brée,Neau,Montsûrs,5,"48.1575260,-0.4765700","48.1414900,-0.5506420"
Brée,Laval,Montsûrs,Laval,11,"48.1414900,-0.5506420","48.0762550,-0.7609290"
Laval,Port-Brillet,Laval,Port-Brillet,10,"48.0762550,-0.7609290","48.1107070,-0.9740470"
Le Mans,Conlie,Le Mans,Conlie,12,"47.9956150,0.19261400","48.1272210,-0.0116200"
Conlie,Sillé-le-Guillaume,Conlie,Sillé-le-Guillaume,7,"48.1272210,-0.0116200","48.1817950,-0.1288910"
Évron,Laval,Évron,Laval,15,"48.1555170,-0.3971550","48.0762550,-0.7609290"
Laval,Brée,Laval,Montsûrs,10,"48.0762550,-0.7609290","48.1414900,-0.5506420"
Brée,Évron,Montsûrs,Évron,7,"48.1414900,-0.5506420","48.1555170,-0.3971550"
Sillé-le-Guillaume,Le Mans,Sillé-le-Guillaume,Le Mans,20,"48.1817950,-0.1288910","47.9956150,0.19261400"
Nantes,Ancenis-Saint-Géréon,Nantes,Ancenis,17,"47.2174910,-1.5420770","47.3693340,-1.1777630"
Ancenis-Saint-Géréon,Angers,Ancenis,Angers Saint-Laud,24,"47.3693340,-1.1777630","47.4646490,-0.5567700"
Angers,Sablé-sur-Sarthe,Angers Saint-Laud,Sablé-sur-Sarthe,21,"47.4646490,-0.5567700","47.8417590,-0.3420000"
Sablé-sur-Sarthe,Laval,Sablé-sur-Sarthe,Laval,22,"47.8417590,-0.3420000","48.0762550,-0.7609290"
Laval,Sablé-sur-Sarthe,Laval,Sablé-sur-Sarthe,24,"48.0762550,-0.7609290","47.8417590,-0.3420000"
Sablé-sur-Sarthe,Angers,Sablé-sur-Sarthe,Angers Saint-Laud,21,"47.8417590,-0.3420000","47.4646490,-0.5567700"
Angers,Ancenis-Saint-Géréon,Angers Saint-Laud,Ancenis,22,"47.4646490,-0.5567700","47.3693340,-1.1777630"
Ancenis-Saint-Géréon,Nantes,Ancenis,Nantes,19,"47.3693340,-1.1777630","47.2174910,-1.5420770"
Rennes,Nantes,Rennes,Nantes,77,"48.1035170,-1.6727440","47.2174910,-1.5420770"
Nantes,Rennes,Nantes,Rennes,76,"47.2174910,-1.5420770","48.1035170,-1.6727440"
Nantes,Redon,Nantes,Redon,43,"47.2174910,-1.5420770","47.6520040,-2.0877700"
Paris,Étampes,Paris Austerlitz,Étampes,39,"48.8422850,2.36489100","48.4366250,2.15948700"
Étampes,Guillerval,Étampes,Guillerval,6,"48.4366250,2.15948700","48.3747450,2.05987500"
Guillerval,Monnerville,Guillerval,Monnerville,3,"48.3747450,2.05987500","48.3484920,2.03205900"
Monnerville,Angerville,Monnerville,Angerville,4,"48.3484920,2.03205900","48.3116320,2.00352600"
Angerville,Boisseaux,Angerville,Boisseaux,4,"48.3116320,2.00352600","48.2564180,1.97329600"
Boisseaux,Toury,Boisseaux,Toury,5,"48.2564180,1.97329600","48.1936060,1.93956500"
Toury,Santilly,Toury,Château-Gaillard,5,"48.1936060,1.93956500","48.1416900,1.91281500"
Santilly,Artenay,Château-Gaillard,Artenay,6,"48.1416900,1.91281500","48.0810570,1.88322600"
Artenay,Chevilly,Artenay,Chevilly,4,"48.0810570,1.88322600","48.0266720,1.87911300"
Chevilly,Cercottes,Chevilly,Cercottes,4,"48.0266720,1.87911300","47.9861550,1.88498100"
Cercottes,Fleury-les-Aubrais,Cercottes,Les Aubrais,7,"47.9861550,1.88498100","47.9268010,1.90712900"
Fleury-les-Aubrais,Cercottes,Les Aubrais,Cercottes,7,"47.9268010,1.90712900","47.9861550,1.88498100"
Angerville,Monnerville,Angerville,Monnerville,4,"48.3116320,2.00352600","48.3484920,2.03205900"
Monnerville,Guillerval,Monnerville,Guillerval,4,"48.3484920,2.03205900","48.3747450,2.05987500"
Guillerval,Étampes,Guillerval,Étampes,7,"48.3747450,2.05987500","48.4366250,2.15948700"
Étampes,Paris,Étampes,Paris Austerlitz,35,"48.4366250,2.15948700","48.8422850,2.36489100"
Angerville,Étampes,Angerville,Étampes,10,"48.3116320,2.00352600","48.4366250,2.15948700"
Toury,Boisseaux,Toury,Boisseaux,8,"48.1936060,1.93956500","48.2564180,1.97329600"
Boisseaux,Angerville,Boisseaux,Angerville,6,"48.2564180,1.97329600","48.3116320,2.00352600"
Toury,Cercottes,Toury,Cercottes,23,"48.1936060,1.93956500","47.9861550,1.88498100"
Fleury-les-Aubrais,Toury,Les Aubrais,Toury,27,"47.9268010,1.90712900","48.1936060,1.93956500"
Fleury-les-Aubrais,Chevilly,Les Aubrais,Chevilly,10,"47.9268010,1.90712900","48.0266720,1.87911300"
Étampes,Angerville,Étampes,Angerville,10,"48.4366250,2.15948700","48.3116320,2.00352600"
Angerville,Toury,Angerville,Toury,8,"48.3116320,2.00352600","48.1936060,1.93956500"
Artenay,Cercottes,Artenay,Cercottes,6,"48.0810570,1.88322600","47.9861550,1.88498100"
Chevilly,Fleury-les-Aubrais,Chevilly,Les Aubrais,9,"48.0266720,1.87911300","47.9268010,1.90712900"
Toury,Étampes,Toury,Étampes,17,"48.1936060,1.93956500","48.4366250,2.15948700"
Vendôme,Pezou,Vendôme,Pezou,8,"47.8019590,1.06871900","47.8670360,1.14114900"
Pezou,Fréteval,Pezou,Fréteval - Morée,5,"47.8670360,1.14114900","47.8918420,1.21192100"
Fréteval,Cloyes-les-Trois-Rivières,Fréteval - Morée,Cloyes,9,"47.8918420,1.21192100","47.9921030,1.24335400"
Cloyes-les-Trois-Rivières,Châteaudun,Cloyes,Châteaudun,11,"47.9921030,1.24335400","48.0734090,1.33811400"
Châteaudun,Bonneval,Châteaudun,Bonneval,12,"48.0734090,1.33811400","48.1862390,1.38629800"
Bonneval,Les Villages Vovéens,Bonneval,Voves,13,"48.1862390,1.38629800","48.2750050,1.62223200"
Les Villages Vovéens,Roinville,Voves,Auneau,13,"48.2750050,1.62223200","48.4460170,1.77988200"
Roinville,Paris,Auneau,Paris Austerlitz,61,"48.4460170,1.77988200","48.8422850,2.36489100"
Roinville,Dourdan,Auneau,Dourdan,13,"48.4460170,1.77988200","48.5334660,2.00964300"
Dourdan,Paris,Dourdan,Paris Austerlitz,49,"48.5334660,2.00964300","48.8422850,2.36489100"
Paris,Dourdan,Paris Austerlitz,Dourdan,32,"48.8422850,2.36489100","48.5334660,2.00964300"
Dourdan,Roinville,Dourdan,Auneau,12,"48.5334660,2.00964300","48.4460170,1.77988200"
Roinville,Les Villages Vovéens,Auneau,Voves,13,"48.4460170,1.77988200","48.2750050,1.62223200"
Les Villages Vovéens,Bonneval,Voves,Bonneval,12,"48.2750050,1.62223200","48.1862390,1.38629800"
Bonneval,Châteaudun,Bonneval,Châteaudun,9,"48.1862390,1.38629800","48.0734090,1.33811400"
Châteaudun,Cloyes-les-Trois-Rivières,Châteaudun,Cloyes,10,"48.0734090,1.33811400","47.9921030,1.24335400"
Cloyes-les-Trois-Rivières,Fréteval,Cloyes,Fréteval - Morée,10,"47.9921030,1.24335400","47.8918420,1.21192100"
Fréteval,Pezou,Fréteval - Morée,Pezou,5,"47.8918420,1.21192100","47.8670360,1.14114900"
Pezou,Vendôme,Pezou,Vendôme,9,"47.8670360,1.14114900","47.8019590,1.06871900"
Paris,Roinville,Paris Austerlitz,Auneau,50,"48.8422850,2.36489100","48.4460170,1.77988200"
Romorantin-Lanthenay,Pruniers-en-Sologne,Romorantin Blanc Argent,Les Quatre Roues,5,"47.3555620,1.73970900","47.3327820,1.70155300"
Pruniers-en-Sologne,Gièvres,Les Quatre Roues,Base Aérienne,2,"47.3327820,1.70155300","47.3201180,1.68154700"
Gièvres,Gièvres,Base Aérienne,Pruniers,2,"47.3201180,1.68154700","47.3133380,1.67137000"
Gièvres,Gièvres,Pruniers,Gièvres,6,"47.3133380,1.67137000","47.2787800,1.66781400"
Valençay,Val-Fouzon,Valençay,Varennes-sur-Fouzon,7,"47.1630550,1.55865800","47.2144600,1.61441000"
Val-Fouzon,Chabris,Varennes-sur-Fouzon,Chabris,6,"47.2144600,1.61441000","47.2550730,1.64621900"
Chabris,Gièvres,Chabris,Gièvres,6,"47.2550730,1.64621900","47.2787800,1.66781400"
Gièvres,Gièvres,Gièvres,Pruniers,6,"47.2787800,1.66781400","47.3133380,1.67137000"
Gièvres,Gièvres,Pruniers,Base Aérienne,2,"47.3133380,1.67137000","47.3201180,1.68154700"
Gièvres,Pruniers-en-Sologne,Base Aérienne,Les Quatre Roues,2,"47.3201180,1.68154700","47.3327820,1.70155300"
Pruniers-en-Sologne,Romorantin-Lanthenay,Les Quatre Roues,Romorantin Blanc Argent,5,"47.3327820,1.70155300","47.3555620,1.73970900"
Romorantin-Lanthenay,Romorantin-Lanthenay,Romorantin Blanc Argent,Faubourg d'Orléans,3,"47.3555620,1.73970900","47.3668920,1.74013100"
Romorantin-Lanthenay,Villeherviers,Faubourg d'Orléans,Villeherviers,5,"47.3668920,1.74013100","47.3694010,1.79775600"
Villeherviers,Loreux,Villeherviers,Loreux,4,"47.3694010,1.79775600","47.3904470,1.83445400"
Loreux,Selles-Saint-Denis,Loreux,Selles-Saint-Denis,7,"47.3904470,1.83445400","47.3883830,1.92224200"
Selles-Saint-Denis,La Ferté-Imbault,Selles-Saint-Denis,La Ferté-Imbault,4,"47.3883830,1.92224200","47.3837430,1.95799400"
La Ferté-Imbault,Salbris,La Ferté-Imbault,Salbris,10,"47.3837430,1.95799400","47.4251860,2.04775100"
Salbris,La Ferté-Imbault,Salbris,La Ferté-Imbault,10,"47.4251860,2.04775100","47.3837430,1.95799400"
La Ferté-Imbault,Selles-Saint-Denis,La Ferté-Imbault,Selles-Saint-Denis,4,"47.3837430,1.95799400","47.3883830,1.92224200"
Selles-Saint-Denis,Loreux,Selles-Saint-Denis,Loreux,7,"47.3883830,1.92224200","47.3904470,1.83445400"
Loreux,Villeherviers,Loreux,Villeherviers,4,"47.3904470,1.83445400","47.3694010,1.79775600"
Villeherviers,Romorantin-Lanthenay,Villeherviers,Faubourg d'Orléans,5,"47.3694010,1.79775600","47.3668920,1.74013100"
Chartres,Saint-Prest,Chartres,La Villette Saint-Prest,7,"48.4482020,1.48131300","48.4827520,1.52290500"
Saint-Prest,Jouy,La Villette Saint-Prest,Jouy,4,"48.4827520,1.52290500","48.5102470,1.55746200"
Jouy,Saint-Piat,Jouy,Saint-Piat,3,"48.5102470,1.55746200","48.5429530,1.59048900"
Saint-Piat,Maintenon,Saint-Piat,Maintenon,4,"48.5429530,1.59048900","48.5854790,1.59206500"
Épernon,Gazeran,Épernon,Gazeran,5,"48.6052040,1.68136400","48.6258190,1.77182800"
Gazeran,Rambouillet,Gazeran,Rambouillet,4,"48.6258190,1.77182800","48.6437700,1.83154000"
Maintenon,Saint-Piat,Maintenon,Saint-Piat,4,"48.5854790,1.59206500","48.5429530,1.59048900"
Saint-Piat,Jouy,Saint-Piat,Jouy,5,"48.5429530,1.59048900","48.5102470,1.55746200"
Jouy,Saint-Prest,Jouy,La Villette Saint-Prest,3,"48.5102470,1.55746200","48.4827520,1.52290500"
Saint-Prest,Chartres,La Villette Saint-Prest,Chartres,7,"48.4827520,1.52290500","48.4482020,1.48131300"
Rambouillet,Gazeran,Rambouillet,Gazeran,4,"48.6437700,1.83154000","48.6258190,1.77182800"
Gazeran,Épernon,Gazeran,Épernon,5,"48.6258190,1.77182800","48.6052040,1.68136400"
Versailles,Montigny-le-Bretonneux,Versailles Chantiers,Saint-Quentin en Yvelines,6,"48.7958260,2.13588300","48.7865700,2.04523000"
Montigny-le-Bretonneux,Rambouillet,Saint-Quentin en Yvelines,Rambouillet,12,"48.7865700,2.04523000","48.6437700,1.83154000"
Épernon,Paris,Épernon,Paris Montparnasse Hall 1 - 2,33,"48.6052040,1.68136400","48.8411720,2.32051400"
Nogent-le-Rotrou,Sablons sur Huisne,Nogent-le-Rotrou,Condé-sur-Huisne,6,"48.3257650,0.81031300","48.3833670,0.84888100"
Sablons sur Huisne,Bretoncelles,Condé-sur-Huisne,Bretoncelles,5,"48.3833670,0.84888100","48.4327300,0.89236000"
Bretoncelles,La Loupe,Bretoncelles,La Loupe,8,"48.4327300,0.89236000","48.4738280,1.01089800"
La Loupe,Pontgouin,La Loupe,Pontgouin,7,"48.4738280,1.01089800","48.4778770,1.14144400"
Pontgouin,Courville-sur-Eure,Pontgouin,Courville-sur-Eure,5,"48.4778770,1.14144400","48.4513360,1.23490200"
Courville-sur-Eure,Saint-Aubin-des-Bois,Courville-sur-Eure,Saint-Aubin - Saint-Luperce,6,"48.4513360,1.23490200","48.4476420,1.33183900"
Saint-Aubin-des-Bois,Amilly,Saint-Aubin - Saint-Luperce,Amilly - Ouerray,4,"48.4476420,1.33183900","48.4382940,1.38939600"
Amilly,Chartres,Amilly - Ouerray,Chartres,6,"48.4382940,1.38939600","48.4482020,1.48131300"
Chartres,Amilly,Chartres,Amilly - Ouerray,6,"48.4482020,1.48131300","48.4382940,1.38939600"
Amilly,Saint-Aubin-des-Bois,Amilly - Ouerray,Saint-Aubin - Saint-Luperce,4,"48.4382940,1.38939600","48.4476420,1.33183900"
Saint-Aubin-des-Bois,Courville-sur-Eure,Saint-Aubin - Saint-Luperce,Courville-sur-Eure,5,"48.4476420,1.33183900","48.4513360,1.23490200"
Courville-sur-Eure,Pontgouin,Courville-sur-Eure,Pontgouin,5,"48.4513360,1.23490200","48.4778770,1.14144400"
Pontgouin,La Loupe,Pontgouin,La Loupe,7,"48.4778770,1.14144400","48.4738280,1.01089800"
La Loupe,Bretoncelles,La Loupe,Bretoncelles,8,"48.4738280,1.01089800","48.4327300,0.89236000"
Bretoncelles,Sablons sur Huisne,Bretoncelles,Condé-sur-Huisne,5,"48.4327300,0.89236000","48.3833670,0.84888100"
Sablons sur Huisne,Nogent-le-Rotrou,Condé-sur-Huisne,Nogent-le-Rotrou,6,"48.3833670,0.84888100","48.3257650,0.81031300"
Le Mans,Champagné,Le Mans,Champagné,6,"47.9956150,0.19261400","48.0197480,0.33566500"
Champagné,Saint-Mars-la-Brière,Champagné,Saint-Mars-la-Brière,2,"48.0197480,0.33566500","48.0285290,0.36570300"
Saint-Mars-la-Brière,Montfort-le-Gesnois,Saint-Mars-la-Brière,Montfort-le-Gesnois,3,"48.0285290,0.36570300","48.0405760,0.40622600"
Montfort-le-Gesnois,Beillé,Montfort-le-Gesnois,Connerré - Beillé,5,"48.0405760,0.40622600","48.0737100,0.48689600"
Beillé,Boëssé-le-Sec,Connerré - Beillé,Sceaux - Boëssé,6,"48.0737100,0.48689600","48.1222300,0.57223300"
Boëssé-le-Sec,La Ferté-Bernard,Sceaux - Boëssé,La Ferté-Bernard,7,"48.1222300,0.57223300","48.1865270,0.63938000"
La Ferté-Bernard,Val-au-Perche,La Ferté-Bernard,Le Theil - La Rouge,8,"48.1865270,0.63938000","48.2672910,0.69437600"
Val-au-Perche,Nogent-le-Rotrou,Le Theil - La Rouge,Nogent-le-Rotrou,7,"48.2672910,0.69437600","48.3257650,0.81031300"
La Ferté-Bernard,Boëssé-le-Sec,La Ferté-Bernard,Sceaux - Boëssé,7,"48.1865270,0.63938000","48.1222300,0.57223300"
Boëssé-le-Sec,Beillé,Sceaux - Boëssé,Connerré - Beillé,6,"48.1222300,0.57223300","48.0737100,0.48689600"
Beillé,Montfort-le-Gesnois,Connerré - Beillé,Montfort-le-Gesnois,5,"48.0737100,0.48689600","48.0405760,0.40622600"
Montfort-le-Gesnois,Saint-Mars-la-Brière,Montfort-le-Gesnois,Saint-Mars-la-Brière,3,"48.0405760,0.40622600","48.0285290,0.36570300"
Saint-Mars-la-Brière,Champagné,Saint-Mars-la-Brière,Champagné,3,"48.0285290,0.36570300","48.0197480,0.33566500"
Champagné,Le Mans,Champagné,Le Mans,7,"48.0197480,0.33566500","47.9956150,0.19261400"
Bordeaux,Cenon,Bordeaux Saint-Jean,Cenon,4,"44.8252330,-0.5568750","44.8563470,-0.5336490"
Cenon,Saint-André-de-Cubzac,Cenon,Saint-André-de-Cubzac,13,"44.8563470,-0.5336490","44.9913260,-0.4409070"
Saint-André-de-Cubzac,Saint-Yzan-de-Soudiac,Saint-André-de-Cubzac,Saint-Mariens - Saint-Yzan,11,"44.9913260,-0.4409070","45.1390570,-0.3918340"
Saint-Yzan-de-Soudiac,Montendre,Saint-Mariens - Saint-Yzan,Montendre,9,"45.1390570,-0.3918340","45.2806690,-0.3965080"
Montendre,Jonzac,Montendre,Jonzac,15,"45.2806690,-0.3965080","45.4390480,-0.4415940"
Jonzac,Pons,Jonzac,Pons,21,"45.4390480,-0.4415940","45.5782770,-0.5392070"
Pons,Saintes,Pons,Saintes,23,"45.5782770,-0.5392070","45.7485250,-0.6181150"
Saintes,Pons,Saintes,Pons,16,"45.7485250,-0.6181150","45.5782770,-0.5392070"
Pons,Jonzac,Pons,Jonzac,21,"45.5782770,-0.5392070","45.4390480,-0.4415940"
Jonzac,Montendre,Jonzac,Montendre,18,"45.4390480,-0.4415940","45.2806690,-0.3965080"
Montendre,Saint-Yzan-de-Soudiac,Montendre,Saint-Mariens - Saint-Yzan,12,"45.2806690,-0.3965080","45.1390570,-0.3918340"
Saint-Yzan-de-Soudiac,Saint-André-de-Cubzac,Saint-Mariens - Saint-Yzan,Saint-André-de-Cubzac,11,"45.1390570,-0.3918340","44.9913260,-0.4409070"
Saint-André-de-Cubzac,Cenon,Saint-André-de-Cubzac,Cenon,13,"44.9913260,-0.4409070","44.8563470,-0.5336490"
Cenon,Bordeaux,Cenon,Bordeaux Saint-Jean,5,"44.8563470,-0.5336490","44.8252330,-0.5568750"
Royan,Saujon,Royan,Saujon,7,"45.6258860,-1.0167030","45.6665020,-0.9300190"
Saujon,Saintes,Saujon,Saintes,19,"45.6665020,-0.9300190","45.7485250,-0.6181150"
Saintes,Saujon,Saintes,Saujon,18,"45.7485250,-0.6181150","45.6665020,-0.9300190"
Saujon,Royan,Saujon,Royan,8,"45.6665020,-0.9300190","45.6258860,-1.0167030"
Saintes,Rochefort,Saintes,Rochefort,28,"45.7485250,-0.6181150","45.9469910,-0.9632190"
Rochefort,Châtelaillon-Plage,Rochefort,Châtelaillon,12,"45.9469910,-0.9632190","46.0782820,-1.0911180"
Châtelaillon-Plage,La Rochelle,Châtelaillon,La Rochelle,9,"46.0782820,-1.0911180","46.1527050,-1.1458530"
La Rochelle,Châtelaillon-Plage,La Rochelle,Châtelaillon,7,"46.1527050,-1.1458530","46.0782820,-1.0911180"
Châtelaillon-Plage,Rochefort,Châtelaillon,Rochefort,13,"46.0782820,-1.0911180","45.9469910,-0.9632190"
Rochefort,Saintes,Rochefort,Saintes,27,"45.9469910,-0.9632190","45.7485250,-0.6181150"
Montendre,Bussac-Forêt,Montendre,Bussac,5,"45.2806690,-0.3965080","45.2118920,-0.3683420"
Bussac-Forêt,Saint-Yzan-de-Soudiac,Bussac,Saint-Mariens - Saint-Yzan,9,"45.2118920,-0.3683420","45.1390570,-0.3918340"
La Rochelle,La Rochelle,La Rochelle Porte Dauphine,La Rochelle,6,"46.1676160,-1.1518750","46.1527050,-1.1458530"
La Rochelle,Aytré,La Rochelle,Aytré Plage,4,"46.1527050,-1.1458530","46.1272030,-1.1277000"
Aytré,Angoulins,Aytré Plage,Angoulins sur Mer,2,"46.1272030,-1.1277000","46.1079340,-1.1163760"
Angoulins,Châtelaillon-Plage,Angoulins sur Mer,Châtelaillon,4,"46.1079340,-1.1163760","46.0782820,-1.0911180"
Châtelaillon-Plage,Saint-Laurent-de-la-Prée,Châtelaillon,Saint-Laurent-de-la-Prée - Fouras,7,"46.0782820,-1.0911180","45.9925080,-1.0271950"
Saint-Laurent-de-la-Prée,Rochefort,Saint-Laurent-de-la-Prée - Fouras,Rochefort,7,"45.9925080,-1.0271950","45.9469910,-0.9632190"
Rochefort,Tonnay-Charente,Rochefort,Tonnay-Charente,5,"45.9469910,-0.9632190","45.9434010,-0.8977890"
Tonnay-Charente,Bords,Tonnay-Charente,Bords,7,"45.9434010,-0.8977890","45.8942370,-0.7981150"
Bords,Saint-Savinien,Bords,Saint-Savinien,7,"45.8942370,-0.7981150","45.8760380,-0.6778780"
Saint-Savinien,Saintes,Saint-Savinien,Saintes,12,"45.8760380,-0.6778780","45.7485250,-0.6181150"
La Rochelle,La Rochelle,La Rochelle,La Rochelle Porte Dauphine,5,"46.1527050,-1.1458530","46.1676160,-1.1518750"
Saint-Yzan-de-Soudiac,Bussac-Forêt,Saint-Mariens - Saint-Yzan,Bussac,6,"45.1390570,-0.3918340","45.2118920,-0.3683420"
Bussac-Forêt,Montendre,Bussac,Montendre,5,"45.2118920,-0.3683420","45.2806690,-0.3965080"
Cenon,Libourne,Cenon,Libourne,16,"44.8563470,-0.5336490","44.9159040,-0.2363590"
Libourne,Saint-Denis-de-Pile,Libourne,Saint-Denis-de-Pile,5,"44.9159040,-0.2363590","44.9779970,-0.1981940"
Saint-Denis-de-Pile,Coutras,Saint-Denis-de-Pile,Coutras,5,"44.9779970,-0.1981940","45.0367090,-0.1313610"
Coutras,Les Églisottes-et-Chalaures,Coutras,Les Églisottes,6,"45.0367090,-0.1313610","45.0942830,-0.0434140"
Les Églisottes-et-Chalaures,Saint-Aigulin,Les Églisottes,Saint-Aigulin - La Roche-Chalais,5,"45.0942830,-0.0434140","45.1572930,-0.0187330"
Saint-Aigulin,Chalais,Saint-Aigulin - La Roche-Chalais,Chalais,8,"45.1572930,-0.0187330","45.2708750,0.04344800"
Chalais,Montmoreau,Chalais,Montmoreau,9,"45.2708750,0.04344800","45.3983370,0.13751700"
Montmoreau,La Couronne,Montmoreau,La Couronne Charente,16,"45.3983370,0.13751700","45.6047850,0.10123500"
La Couronne,Angoulême,La Couronne Charente,Angoulême,6,"45.6047850,0.10123500","45.6535720,0.16460800"
Angoulême,La Couronne,Angoulême,La Couronne Charente,5,"45.6535720,0.16460800","45.6047850,0.10123500"
La Couronne,Montmoreau,La Couronne Charente,Montmoreau,17,"45.6047850,0.10123500","45.3983370,0.13751700"
Montmoreau,Chalais,Montmoreau,Chalais,9,"45.3983370,0.13751700","45.2708750,0.04344800"
Chalais,Saint-Aigulin,Chalais,Saint-Aigulin - La Roche-Chalais,7,"45.2708750,0.04344800","45.1572930,-0.0187330"
Saint-Aigulin,Les Églisottes-et-Chalaures,Saint-Aigulin - La Roche-Chalais,Les Églisottes,5,"45.1572930,-0.0187330","45.0942830,-0.0434140"
Les Églisottes-et-Chalaures,Coutras,Les Églisottes,Coutras,6,"45.0942830,-0.0434140","45.0367090,-0.1313610"
Coutras,Saint-Denis-de-Pile,Coutras,Saint-Denis-de-Pile,5,"45.0367090,-0.1313610","44.9779970,-0.1981940"
Saint-Denis-de-Pile,Libourne,Saint-Denis-de-Pile,Libourne,6,"44.9779970,-0.1981940","44.9159040,-0.2363590"
Libourne,Cenon,Libourne,Cenon,15,"44.9159040,-0.2363590","44.8563470,-0.5336490"
Libourne,Vayres,Libourne,Vayres,5,"44.9159040,-0.2363590","44.8973260,-0.3171690"
Vayres,Saint-Sulpice-et-Cameyrac,Vayres,Saint-Sulpice - Izon,5,"44.8973260,-0.3171690","44.9143080,-0.3921310"
Saint-Sulpice-et-Cameyrac,Saint-Loubès,Saint-Sulpice - Izon,Saint-Loubès,2,"44.9143080,-0.3921310","44.9222660,-0.4331980"
Saint-Loubès,Ambarès-et-Lagrave,Saint-Loubès,La Gorp,4,"44.9222660,-0.4331980","44.9287400,-0.4966320"
Ambarès-et-Lagrave,Bassens,La Gorp,Bassens,3,"44.9287400,-0.4966320","44.9013070,-0.5222820"
Bassens,Cenon,Bassens,Cenon,4,"44.9013070,-0.5222820","44.8563470,-0.5336490"
Saint-Yzan-de-Soudiac,Cavignac,Saint-Mariens - Saint-Yzan,Cavignac,3,"45.1390570,-0.3918340","45.1051630,-0.3822430"
Cavignac,Gauriaguet,Cavignac,Gauriaguet,5,"45.1051630,-0.3822430","45.0543450,-0.3992840"
Gauriaguet,Val de Virvée,Gauriaguet,Aubie - Saint-Antoine,3,"45.0543450,-0.3992840","45.0151390,-0.4198950"
Val de Virvée,Saint-André-de-Cubzac,Aubie - Saint-Antoine,Saint-André-de-Cubzac,4,"45.0151390,-0.4198950","44.9913260,-0.4409070"
Saint-André-de-Cubzac,Cubzac-les-Ponts,Saint-André-de-Cubzac,Cubzac-les-Ponts,2,"44.9913260,-0.4409070","44.9725780,-0.4590330"
Cubzac-les-Ponts,Ambarès-et-Lagrave,Cubzac-les-Ponts,La Grave d'Ambarès,5,"44.9725780,-0.4590330","44.9366510,-0.4763820"
Ambarès-et-Lagrave,Sainte-Eulalie,La Grave d'Ambarès,Sainte-Eulalie - Carbon-Blanc,4,"44.9366510,-0.4763820","44.8979250,-0.4942940"
Sainte-Eulalie,Cenon,Sainte-Eulalie - Carbon-Blanc,Cenon,5,"44.8979250,-0.4942940","44.8563470,-0.5336490"
Cenon,Sainte-Eulalie,Cenon,Sainte-Eulalie - Carbon-Blanc,5,"44.8563470,-0.5336490","44.8979250,-0.4942940"
Sainte-Eulalie,Ambarès-et-Lagrave,Sainte-Eulalie - Carbon-Blanc,La Grave d'Ambarès,4,"44.8979250,-0.4942940","44.9366510,-0.4763820"
Ambarès-et-Lagrave,Cubzac-les-Ponts,La Grave d'Ambarès,Cubzac-les-Ponts,5,"44.9366510,-0.4763820","44.9725780,-0.4590330"
Cubzac-les-Ponts,Saint-André-de-Cubzac,Cubzac-les-Ponts,Saint-André-de-Cubzac,3,"44.9725780,-0.4590330","44.9913260,-0.4409070"
Saint-André-de-Cubzac,Val de Virvée,Saint-André-de-Cubzac,Aubie - Saint-Antoine,3,"44.9913260,-0.4409070","45.0151390,-0.4198950"
Val de Virvée,Gauriaguet,Aubie - Saint-Antoine,Gauriaguet,4,"45.0151390,-0.4198950","45.0543450,-0.3992840"
Gauriaguet,Cavignac,Gauriaguet,Cavignac,5,"45.0543450,-0.3992840","45.1051630,-0.3822430"
Cavignac,Saint-Yzan-de-Soudiac,Cavignac,Saint-Mariens - Saint-Yzan,4,"45.1051630,-0.3822430","45.1390570,-0.3918340"
Ambarès-et-Lagrave,Saint-André-de-Cubzac,La Grave d'Ambarès,Saint-André-de-Cubzac,7,"44.9366510,-0.4763820","44.9913260,-0.4409070"
Libourne,Coutras,Libourne,Coutras,8,"44.9159040,-0.2363590","45.0367090,-0.1313610"
Coutras,Saint-Médard-de-Guizières,Coutras,Saint-Médard-de-Guizières,6,"45.0367090,-0.1313610","45.0155580,-0.0488110"
Saint-Médard-de-Guizières,Saint-Seurin-sur-l'Isle,Saint-Médard-de-Guizières,Saint-Seurin-sur-l'Isle,3,"45.0155580,-0.0488110","45.0116390,-0.0031060"
Saint-Seurin-sur-l'Isle,Montpon-Ménestérol,Saint-Seurin-sur-l'Isle,Montpon-Ménestérol,7,"45.0116390,-0.0031060","45.0063380,0.15933900"
Montpon-Ménestérol,Mussidan,Montpon-Ménestérol,Mussidan,9,"45.0063380,0.15933900","45.0343770,0.35406800"
Mussidan,Neuvic,Mussidan,Neuvic,6,"45.0343770,0.35406800","45.1001030,0.44484700"
Neuvic,Saint-Astier,Neuvic,Saint-Astier,5,"45.1001030,0.44484700","45.1391750,0.52263900"
Saint-Astier,Razac-sur-l'Isle,Saint-Astier,Razac,5,"45.1391750,0.52263900","45.1659590,0.59946400"
Razac-sur-l'Isle,Marsac-sur-l'Isle,Razac,Marsac Dordogne,5,"45.1659590,0.59946400","45.1860160,0.66256700"
Marsac-sur-l'Isle,Périgueux,Marsac Dordogne,Périgueux,3,"45.1860160,0.66256700","45.1874250,0.70839600"
Périgueux,Boulazac Isle Manoire,Périgueux,Boulazac Isle Manoire,5,"45.1874250,0.70839600","45.1720520,0.77278700"
Boulazac Isle Manoire,Thenon,Boulazac Isle Manoire,Thenon,17,"45.1720520,0.77278700","45.1601300,1.06864600"
Thenon,Le Lardin-Saint-Lazare,Thenon,Condat - Le Lardin,9,"45.1601300,1.06864600","45.1267320,1.22672700"
Le Lardin-Saint-Lazare,Terrasson-Lavilledieu,Condat - Le Lardin,Terrasson,5,"45.1267320,1.22672700","45.1356020,1.30050100"
Terrasson-Lavilledieu,Brive-la-Gaillarde,Terrasson,Brive-la-Gaillarde,13,"45.1356020,1.30050100","45.1526010,1.52863400"
Brive-la-Gaillarde,Saint-Hilaire-Peyroux,Brive-la-Gaillarde,Aubazines - Saint-Hilaire,9,"45.1526010,1.52863400","45.1819040,1.64098600"
Saint-Hilaire-Peyroux,Cornil,Aubazines - Saint-Hilaire,Cornil,7,"45.1819040,1.64098600","45.2165560,1.70009100"
Cornil,Tulle,Cornil,Tulle,8,"45.2165560,1.70009100","45.2588780,1.75666500"
Mussidan,Saint-Astier,Mussidan,Saint-Astier,10,"45.0343770,0.35406800","45.1391750,0.52263900"
Saint-Astier,Périgueux,Saint-Astier,Périgueux,11,"45.1391750,0.52263900","45.1874250,0.70839600"
Périgueux,Thenon,Périgueux,Thenon,21,"45.1874250,0.70839600","45.1601300,1.06864600"
Brive-la-Gaillarde,Terrasson-Lavilledieu,Brive-la-Gaillarde,Terrasson,14,"45.1526010,1.52863400","45.1356020,1.30050100"
Terrasson-Lavilledieu,Le Lardin-Saint-Lazare,Terrasson,Condat - Le Lardin,5,"45.1356020,1.30050100","45.1267320,1.22672700"
Le Lardin-Saint-Lazare,Thenon,Condat - Le Lardin,Thenon,9,"45.1267320,1.22672700","45.1601300,1.06864600"
Thenon,Périgueux,Thenon,Périgueux,21,"45.1601300,1.06864600","45.1874250,0.70839600"
Périgueux,Saint-Astier,Périgueux,Saint-Astier,11,"45.1874250,0.70839600","45.1391750,0.52263900"
Saint-Astier,Neuvic,Saint-Astier,Neuvic,5,"45.1391750,0.52263900","45.1001030,0.44484700"
Neuvic,Mussidan,Neuvic,Mussidan,7,"45.1001030,0.44484700","45.0343770,0.35406800"
Mussidan,Montpon-Ménestérol,Mussidan,Montpon-Ménestérol,9,"45.0343770,0.35406800","45.0063380,0.15933900"
Montpon-Ménestérol,Saint-Seurin-sur-l'Isle,Montpon-Ménestérol,Saint-Seurin-sur-l'Isle,8,"45.0063380,0.15933900","45.0116390,-0.0031060"
Saint-Seurin-sur-l'Isle,Saint-Médard-de-Guizières,Saint-Seurin-sur-l'Isle,Saint-Médard-de-Guizières,3,"45.0116390,-0.0031060","45.0155580,-0.0488110"
Saint-Médard-de-Guizières,Coutras,Saint-Médard-de-Guizières,Coutras,6,"45.0155580,-0.0488110","45.0367090,-0.1313610"
Coutras,Libourne,Coutras,Libourne,10,"45.0367090,-0.1313610","44.9159040,-0.2363590"
Tulle,Cornil,Tulle,Cornil,7,"45.2588780,1.75666500","45.2165560,1.70009100"
Cornil,Saint-Hilaire-Peyroux,Cornil,Aubazines - Saint-Hilaire,7,"45.2165560,1.70009100","45.1819040,1.64098600"
Saint-Hilaire-Peyroux,Brive-la-Gaillarde,Aubazines - Saint-Hilaire,Brive-la-Gaillarde,9,"45.1819040,1.64098600","45.1526010,1.52863400"
Saint-Astier,Mussidan,Saint-Astier,Mussidan,10,"45.1391750,0.52263900","45.0343770,0.35406800"
Périgueux,Razac-sur-l'Isle,Périgueux,Razac,7,"45.1874250,0.70839600","45.1659590,0.59946400"
Razac-sur-l'Isle,Saint-Astier,Razac,Saint-Astier,4,"45.1659590,0.59946400","45.1391750,0.52263900"
Razac-sur-l'Isle,Périgueux,Razac,Périgueux,8,"45.1659590,0.59946400","45.1874250,0.70839600"
Limoges,Nexon,Limoges Bénédictins,Nexon,14,"45.8358710,1.26851300","45.6915650,1.17843100"
Nexon,Thiviers,Nexon,Thiviers,26,"45.6915650,1.17843100","45.4187590,0.92161000"
Thiviers,Périgueux,Thiviers,Périgueux,22,"45.4187590,0.92161000","45.1874250,0.70839600"
Périgueux,Thiviers,Périgueux,Thiviers,22,"45.1874250,0.70839600","45.4187590,0.92161000"
Thiviers,Limoges,Thiviers,Limoges Bénédictins,40,"45.4187590,0.92161000","45.8358710,1.26851300"
Limoges,Thiviers,Limoges Bénédictins,Thiviers,39,"45.8358710,1.26851300","45.4187590,0.92161000"
Périgueux,Libourne,Périgueux,Libourne,45,"45.1874250,0.70839600","44.9159040,-0.2363590"
Coutras,Mussidan,Coutras,Mussidan,22,"45.0367090,-0.1313610","45.0343770,0.35406800"
Mussidan,Périgueux,Mussidan,Périgueux,18,"45.0343770,0.35406800","45.1874250,0.70839600"
Coutras,Saint-Seurin-sur-l'Isle,Coutras,Saint-Seurin-sur-l'Isle,7,"45.0367090,-0.1313610","45.0116390,-0.0031060"
Libourne,Périgueux,Libourne,Périgueux,44,"44.9159040,-0.2363590","45.1874250,0.70839600"
Périgueux,Mussidan,Périgueux,Mussidan,18,"45.1874250,0.70839600","45.0343770,0.35406800"
Mussidan,Libourne,Mussidan,Libourne,29,"45.0343770,0.35406800","44.9159040,-0.2363590"
Thiviers,Négrondes,Thiviers,Négrondes,7,"45.4187590,0.92161000","45.3461080,0.86165400"
Négrondes,Périgueux,Négrondes,Périgueux,15,"45.3461080,0.86165400","45.1874250,0.70839600"
Nexon,Bussière-Galant,Nexon,Bussière-Galant,12,"45.6915650,1.17843100","45.6075590,1.02649500"
Bussière-Galant,Thiviers,Bussière-Galant,Thiviers,15,"45.6075590,1.02649500","45.4187590,0.92161000"
Thiviers,Agonac,Thiviers,Agonac,13,"45.4187590,0.92161000","45.2866050,0.74865300"
Agonac,Périgueux,Agonac,Périgueux,10,"45.2866050,0.74865300","45.1874250,0.70839600"
Thiviers,Nexon,Thiviers,Nexon,27,"45.4187590,0.92161000","45.6915650,1.17843100"
Nexon,Limoges,Nexon,Limoges Bénédictins,15,"45.6915650,1.17843100","45.8358710,1.26851300"
Bergerac,Gardonne,Bergerac,Gardonne,8,"44.8570610,0.48917400","44.8347370,0.33192900"
Gardonne,Sainte-Foy-la-Grande,Gardonne,Sainte-Foy-la-Grande,6,"44.8347370,0.33192900","44.8368480,0.22149100"
Sainte-Foy-la-Grande,Vélines,Sainte-Foy-la-Grande,Vélines,6,"44.8368480,0.22149100","44.8520290,0.10351000"
Vélines,Castillon-la-Bataille,Vélines,Castillon,8,"44.8520290,0.10351000","44.8567830,-0.0406680"
Castillon-la-Bataille,Saint-Émilion,Castillon,Saint-Émilion,6,"44.8567830,-0.0406680","44.8812140,-0.1588570"
Saint-Émilion,Libourne,Saint-Émilion,Libourne,7,"44.8812140,-0.1588570","44.9159040,-0.2363590"
Bergerac,Lamonzie-Saint-Martin,Bergerac,Lamonzie-Saint-Martin,6,"44.8570610,0.48917400","44.8419570,0.38093800"
Lamonzie-Saint-Martin,Gardonne,Lamonzie-Saint-Martin,Gardonne,4,"44.8419570,0.38093800","44.8347370,0.33192900"
Sainte-Foy-la-Grande,Saint-Antoine-de-Breuilh,Sainte-Foy-la-Grande,Saint-Antoine-de-Breuilh,5,"44.8368480,0.22149100","44.8466350,0.15235200"
Saint-Antoine-de-Breuilh,Vélines,Saint-Antoine-de-Breuilh,Vélines,4,"44.8466350,0.15235200","44.8520290,0.10351000"
Vélines,Lamothe-Montravel,Vélines,Lamothe-Montravel,5,"44.8520290,0.10351000","44.8534160,0.02149000"
Lamothe-Montravel,Castillon-la-Bataille,Lamothe-Montravel,Castillon,4,"44.8534160,0.02149000","44.8567830,-0.0406680"
Libourne,Saint-Émilion,Libourne,Saint-Émilion,8,"44.9159040,-0.2363590","44.8812140,-0.1588570"
Saint-Émilion,Castillon-la-Bataille,Saint-Émilion,Castillon,7,"44.8812140,-0.1588570","44.8567830,-0.0406680"
Castillon-la-Bataille,Lamothe-Montravel,Castillon,Lamothe-Montravel,5,"44.8567830,-0.0406680","44.8534160,0.02149000"
Lamothe-Montravel,Vélines,Lamothe-Montravel,Vélines,5,"44.8534160,0.02149000","44.8520290,0.10351000"
Vélines,Saint-Antoine-de-Breuilh,Vélines,Saint-Antoine-de-Breuilh,3,"44.8520290,0.10351000","44.8466350,0.15235200"
Saint-Antoine-de-Breuilh,Sainte-Foy-la-Grande,Saint-Antoine-de-Breuilh,Sainte-Foy-la-Grande,5,"44.8466350,0.15235200","44.8368480,0.22149100"
Sainte-Foy-la-Grande,Gardonne,Sainte-Foy-la-Grande,Gardonne,6,"44.8368480,0.22149100","44.8347370,0.33192900"
Gardonne,Lamonzie-Saint-Martin,Gardonne,Lamonzie-Saint-Martin,3,"44.8347370,0.33192900","44.8419570,0.38093800"
Lamonzie-Saint-Martin,Bergerac,Lamonzie-Saint-Martin,Bergerac,8,"44.8419570,0.38093800","44.8570610,0.48917400"
Bergerac,Sainte-Foy-la-Grande,Bergerac,Sainte-Foy-la-Grande,14,"44.8570610,0.48917400","44.8368480,0.22149100"
Castillon-la-Bataille,Vélines,Castillon,Vélines,8,"44.8567830,-0.0406680","44.8520290,0.10351000"
Vélines,Sainte-Foy-la-Grande,Vélines,Sainte-Foy-la-Grande,7,"44.8520290,0.10351000","44.8368480,0.22149100"
Sainte-Foy-la-Grande,Bergerac,Sainte-Foy-la-Grande,Bergerac,15,"44.8368480,0.22149100","44.8570610,0.48917400"
Gardonne,Bergerac,Gardonne,Bergerac,10,"44.8347370,0.33192900","44.8570610,0.48917400"
Bergerac,Lalinde,Bergerac,Lalinde,16,"44.8570610,0.48917400","44.8392100,0.74279000"
Lalinde,Mauzac-et-Grand-Castang,Lalinde,Mauzac,4,"44.8392100,0.74279000","44.8558110,0.78973200"
Mauzac-et-Grand-Castang,Trémolat,Mauzac,Trémolat,3,"44.8558110,0.78973200","44.8625560,0.83034200"
Trémolat,Le Buisson-de-Cadouin,Trémolat,Le Buisson,8,"44.8625560,0.83034200","44.8472450,0.90818000"
Le Buisson-de-Cadouin,Siorac-en-Périgord,Le Buisson,Siorac-en-Périgord,6,"44.8472450,0.90818000","44.8197880,0.98418800"
Siorac-en-Périgord,Saint-Cyprien,Siorac-en-Périgord,Saint-Cyprien,6,"44.8197880,0.98418800","44.8635230,1.04328300"
Saint-Cyprien,Sarlat-la-Canéda,Saint-Cyprien,Sarlat,15,"44.8635230,1.04328300","44.8772130,1.22037600"
Lalinde,Trémolat,Lalinde,Trémolat,6,"44.8392100,0.74279000","44.8625560,0.83034200"
Mauzac-et-Grand-Castang,Le Buisson-de-Cadouin,Mauzac,Le Buisson,10,"44.8558110,0.78973200","44.8472450,0.90818000"
Lalinde,Le Buisson-de-Cadouin,Lalinde,Le Buisson,14,"44.8392100,0.74279000","44.8472450,0.90818000"
Sarlat-la-Canéda,Saint-Cyprien,Sarlat,Saint-Cyprien,14,"44.8772130,1.22037600","44.8635230,1.04328300"
Saint-Cyprien,Siorac-en-Périgord,Saint-Cyprien,Siorac-en-Périgord,7,"44.8635230,1.04328300","44.8197880,0.98418800"
Siorac-en-Périgord,Le Buisson-de-Cadouin,Siorac-en-Périgord,Le Buisson,6,"44.8197880,0.98418800","44.8472450,0.90818000"
Le Buisson-de-Cadouin,Trémolat,Le Buisson,Trémolat,8,"44.8472450,0.90818000","44.8625560,0.83034200"
Trémolat,Mauzac-et-Grand-Castang,Trémolat,Mauzac,3,"44.8625560,0.83034200","44.8558110,0.78973200"
Mauzac-et-Grand-Castang,Lalinde,Mauzac,Lalinde,4,"44.8558110,0.78973200","44.8392100,0.74279000"
Lalinde,Bergerac,Lalinde,Bergerac,16,"44.8392100,0.74279000","44.8570610,0.48917400"
Le Buisson-de-Cadouin,Mauzac-et-Grand-Castang,Le Buisson,Mauzac,10,"44.8472450,0.90818000","44.8558110,0.78973200"
Trémolat,Lalinde,Trémolat,Lalinde,7,"44.8625560,0.83034200","44.8392100,0.74279000"
Le Buisson-de-Cadouin,Lalinde,Le Buisson,Lalinde,13,"44.8472450,0.90818000","44.8392100,0.74279000"
Cenon,Bassens,Cenon,Bassens,4,"44.8563470,-0.5336490","44.9013070,-0.5222820"
Bassens,Ambarès-et-Lagrave,Bassens,La Gorp,3,"44.9013070,-0.5222820","44.9287400,-0.4966320"
Ambarès-et-Lagrave,Saint-Loubès,La Gorp,Saint-Loubès,4,"44.9287400,-0.4966320","44.9222660,-0.4331980"
Saint-Loubès,Saint-Sulpice-et-Cameyrac,Saint-Loubès,Saint-Sulpice - Izon,3,"44.9222660,-0.4331980","44.9143080,-0.3921310"
Saint-Sulpice-et-Cameyrac,Vayres,Saint-Sulpice - Izon,Vayres,4,"44.9143080,-0.3921310","44.8973260,-0.3171690"
Vayres,Libourne,Vayres,Libourne,8,"44.8973260,-0.3171690","44.9159040,-0.2363590"
Bayonne,Saint-Vincent-de-Tyrosse,Bayonne,Saint-Vincent-de-Tyrosse,14,"43.4966350,-1.4700570","43.6578030,-1.3064210"
Saint-Vincent-de-Tyrosse,Dax,Saint-Vincent-de-Tyrosse,Dax,17,"43.6578030,-1.3064210","43.7204720,-1.0498010"
Dax,Morcenx-la-Nouvelle,Dax,Morcenx,19,"43.7204720,-1.0498010","44.0335650,-0.9086400"
Morcenx-la-Nouvelle,Labouheyre,Morcenx,Labouheyre,10,"44.0335650,-0.9086400","44.2106130,-0.9209740"
Labouheyre,Ychoux,Labouheyre,Ychoux,7,"44.2106130,-0.9209740","44.3292240,-0.9465440"
Ychoux,Biganos,Ychoux,Biganos Facture,17,"44.3292240,-0.9465440","44.6377420,-0.9659010"
Biganos,Pessac,Biganos Facture,Pessac,17,"44.6377420,-0.9659010","44.8046210,-0.6317840"
Morcenx-la-Nouvelle,Biganos,Morcenx,Biganos Facture,32,"44.0335650,-0.9086400","44.6377420,-0.9659010"
Pessac,Biganos,Pessac,Biganos Facture,16,"44.8046210,-0.6317840","44.6377420,-0.9659010"
Biganos,Ychoux,Biganos Facture,Ychoux,17,"44.6377420,-0.9659010","44.3292240,-0.9465440"
Ychoux,Labouheyre,Ychoux,Labouheyre,7,"44.3292240,-0.9465440","44.2106130,-0.9209740"
Labouheyre,Morcenx-la-Nouvelle,Labouheyre,Morcenx,9,"44.2106130,-0.9209740","44.0335650,-0.9086400"
Dax,Saubusse,Dax,Saubusse,8,"43.7204720,-1.0498010","43.6602690,-1.1902220"
Saubusse,Saint-Geours-de-Maremne,Saubusse,Saint-Geours,4,"43.6602690,-1.1902220","43.6875540,-1.2286560"
Bayonne,Boucau,Bayonne,Boucau,3,"43.4966350,-1.4700570","43.5236010,-1.4902590"
Boucau,Ondres,Boucau,Ondres,4,"43.5236010,-1.4902590","43.5687470,-1.4570380"
Ondres,Labenne,Ondres,Labenne,3,"43.5687470,-1.4570380","43.5872120,-1.4289530"
Labenne,Bénesse-Maremne,Labenne,Bénesse-Maremne,4,"43.5872120,-1.4289530","43.6331980,-1.3606580"
Bénesse-Maremne,Saint-Vincent-de-Tyrosse,Bénesse-Maremne,Saint-Vincent-de-Tyrosse,4,"43.6331980,-1.3606580","43.6578030,-1.3064210"
Saint-Vincent-de-Tyrosse,Saint-Geours-de-Maremne,Saint-Vincent-de-Tyrosse,Saint-Geours,4,"43.6578030,-1.3064210","43.6875540,-1.2286560"
Saint-Geours-de-Maremne,Saubusse,Saint-Geours,Saubusse,4,"43.6875540,-1.2286560","43.6602690,-1.1902220"
Saubusse,Dax,Saubusse,Dax,11,"43.6602690,-1.1902220","43.7204720,-1.0498010"
Mont-de-Marsan,Morcenx-la-Nouvelle,Mont-de-Marsan,Morcenx,20,"43.8848980,-0.5046600","44.0335650,-0.9086400"
Ychoux,Pessac,Ychoux,Pessac,34,"44.3292240,-0.9465440","44.8046210,-0.6317840"
Morcenx-la-Nouvelle,Arengosse,Morcenx,Arengosse,6,"44.0335650,-0.9086400","44.0070340,-0.8085760"
Arengosse,Ygos-Saint-Saturnin,Arengosse,Ygos,5,"44.0070340,-0.8085760","43.9779160,-0.7365240"
Ygos-Saint-Saturnin,Saint-Martin-d'Oney,Ygos,Saint-Martin-d'Oney,6,"43.9779160,-0.7365240","43.9300670,-0.6513130"
Saint-Martin-d'Oney,Mont-de-Marsan,Saint-Martin-d'Oney,Mont-de-Marsan,9,"43.9300670,-0.6513130","43.8848980,-0.5046600"
Mont-de-Marsan,Saint-Martin-d'Oney,Mont-de-Marsan,Saint-Martin-d'Oney,9,"43.8848980,-0.5046600","43.9300670,-0.6513130"
Saint-Martin-d'Oney,Ygos-Saint-Saturnin,Saint-Martin-d'Oney,Ygos,6,"43.9300670,-0.6513130","43.9779160,-0.7365240"
Ygos-Saint-Saturnin,Arengosse,Ygos,Arengosse,5,"43.9779160,-0.7365240","44.0070340,-0.8085760"
Arengosse,Morcenx-la-Nouvelle,Arengosse,Morcenx,7,"44.0070340,-0.8085760","44.0335650,-0.9086400"
Morcenx-la-Nouvelle,Ygos-Saint-Saturnin,Morcenx,Ygos,10,"44.0335650,-0.9086400","43.9779160,-0.7365240"
Ygos-Saint-Saturnin,Mont-de-Marsan,Ygos,Mont-de-Marsan,14,"43.9779160,-0.7365240","43.8848980,-0.5046600"
Mont-de-Marsan,Ygos-Saint-Saturnin,Mont-de-Marsan,Ygos,12,"43.8848980,-0.5046600","43.9779160,-0.7365240"
Ygos-Saint-Saturnin,Morcenx-la-Nouvelle,Ygos,Morcenx,11,"43.9779160,-0.7365240","44.0335650,-0.9086400"
Bordeaux,Ychoux,Bordeaux Saint-Jean,Ychoux,34,"44.8252330,-0.5568750","44.3292240,-0.9465440"
Morcenx-la-Nouvelle,Mont-de-Marsan,Morcenx,Mont-de-Marsan,20,"44.0335650,-0.9086400","43.8848980,-0.5046600"
Preignac,Cérons,Preignac,Cérons,4,"44.5784700,-0.3020950","44.6323460,-0.3405260"
Podensac,Portets,Podensac,Portets,5,"44.6490460,-0.3583220","44.6929000,-0.4253930"
Villenave-d'Ornon,Bègles,Villenave-d'Ornon,Bègles,6,"44.7694440,-0.5460660","44.7993190,-0.5553570"
Bègles,Bordeaux,Bègles,Bordeaux Saint-Jean,4,"44.7993190,-0.5553570","44.8252330,-0.5568750"
Bordeaux,Bègles,Bordeaux Saint-Jean,Bègles,4,"44.8252330,-0.5568750","44.7993190,-0.5553570"
Bègles,Villenave-d'Ornon,Bègles,Villenave-d'Ornon,3,"44.7993190,-0.5553570","44.7694440,-0.5460660"
Villenave-d'Ornon,Saint-Médard-d'Eyrans,Villenave-d'Ornon,Saint-Médard-d'Eyrans,14,"44.7694440,-0.5460660","44.7168570,-0.5057170"
Langon,Cérons,Langon,Cérons,7,"44.5541770,-0.2551910","44.6323460,-0.3405260"
Cérons,Langon,Cérons,Langon,9,"44.6323460,-0.3405260","44.5541770,-0.2551910"
Cadaujac,Bègles,Cadaujac,Bègles,8,"44.7521200,-0.5406480","44.7993190,-0.5553570"
Bègles,Cadaujac,Bègles,Cadaujac,4,"44.7993190,-0.5553570","44.7521200,-0.5406480"
Saint-Médard-d'Eyrans,Villenave-d'Ornon,Saint-Médard-d'Eyrans,Villenave-d'Ornon,12,"44.7168570,-0.5057170","44.7694440,-0.5460660"
Portets,Podensac,Portets,Podensac,4,"44.6929000,-0.4253930","44.6490460,-0.3583220"
Cérons,Preignac,Cérons,Preignac,4,"44.6323460,-0.3405260","44.5784700,-0.3020950"
Bordeaux,Beautiran,Bordeaux Saint-Jean,Beautiran,12,"44.8252330,-0.5568750","44.7010590,-0.4501740"
Beautiran,Cérons,Beautiran,Cérons,7,"44.7010590,-0.4501740","44.6323460,-0.3405260"
Cérons,Beautiran,Cérons,Beautiran,7,"44.6323460,-0.3405260","44.7010590,-0.4501740"
Beautiran,Bordeaux,Beautiran,Bordeaux Saint-Jean,15,"44.7010590,-0.4501740","44.8252330,-0.5568750"
Saint-Macaire,Caudrot,Saint-Macaire,Caudrot,4,"44.5683820,-0.2270950","44.5798920,-0.1450220"
Caudrot,La Réole,Caudrot,La Réole,5,"44.5798920,-0.1450220","44.5797700,-0.0306740"
La Réole,Sainte-Bazeille,La Réole,Sainte-Bazeille,6,"44.5797700,-0.0306740","44.5326940,0.09312700"
Sainte-Bazeille,Marmande,Sainte-Bazeille,Marmande,5,"44.5326940,0.09312700","44.5030710,0.16809100"
La Réole,Saint-Pierre-d'Aurillac,La Réole,Saint-Pierre-d'Aurillac,7,"44.5797700,-0.0306740","44.5749990,-0.1877220"
Saint-Pierre-d'Aurillac,Langon,Saint-Pierre-d'Aurillac,Langon,4,"44.5749990,-0.1877220","44.5541770,-0.2551910"
Langon,Saint-Pierre-d'Aurillac,Langon,Saint-Pierre-d'Aurillac,4,"44.5541770,-0.2551910","44.5749990,-0.1877220"
Saint-Pierre-d'Aurillac,La Réole,Saint-Pierre-d'Aurillac,La Réole,7,"44.5749990,-0.1877220","44.5797700,-0.0306740"
Saint-Pierre-d'Aurillac,Gironde-sur-Dropt,Saint-Pierre-d'Aurillac,Gironde,4,"44.5749990,-0.1877220","44.5834220,-0.0918710"
Saint-Médard-d'Eyrans,Bègles,Saint-Médard-d'Eyrans,Bègles,9,"44.7168570,-0.5057170","44.7993190,-0.5553570"
Marmande,Sainte-Bazeille,Marmande,Sainte-Bazeille,6,"44.5030710,0.16809100","44.5326940,0.09312700"
Sainte-Bazeille,Lamothe-Landerron,Sainte-Bazeille,Lamothe-Landerron,3,"44.5326940,0.09312700","44.5629070,0.04520100"
Lamothe-Landerron,La Réole,Lamothe-Landerron,La Réole,4,"44.5629070,0.04520100","44.5797700,-0.0306740"
La Réole,Lamothe-Landerron,La Réole,Lamothe-Landerron,4,"44.5797700,-0.0306740","44.5629070,0.04520100"
Lamothe-Landerron,Sainte-Bazeille,Lamothe-Landerron,Sainte-Bazeille,4,"44.5629070,0.04520100","44.5326940,0.09312700"
Sainte-Bazeille,La Réole,Sainte-Bazeille,La Réole,6,"44.5326940,0.09312700","44.5797700,-0.0306740"
Langon,Caudrot,Langon,Caudrot,5,"44.5541770,-0.2551910","44.5798920,-0.1450220"
La Réole,Caudrot,La Réole,Caudrot,6,"44.5797700,-0.0306740","44.5798920,-0.1450220"
Caudrot,Saint-Macaire,Caudrot,Saint-Macaire,4,"44.5798920,-0.1450220","44.5683820,-0.2270950"
Pau,Artix,Pau,Artix,12,"43.2917110,-0.3696750","43.3934150,-0.5701460"
Artix,Orthez,Artix,Orthez,11,"43.3934150,-0.5701460","43.4843330,-0.7677340"
Orthez,Puyoô,Orthez,Puyoô,11,"43.4843330,-0.7677340","43.5249250,-0.9107630"
Puyoô,Peyrehorade,Puyoô,Peyrehorade,12,"43.5249250,-0.9107630","43.5464600,-1.1157370"
Peyrehorade,Urt,Peyrehorade,Urt,10,"43.5464600,-1.1157370","43.4992130,-1.3005290"
Urt,Bayonne,Urt,Bayonne,13,"43.4992130,-1.3005290","43.4966350,-1.4700570"
Bayonne,Urt,Bayonne,Urt,13,"43.4966350,-1.4700570","43.4992130,-1.3005290"
Urt,Peyrehorade,Urt,Peyrehorade,10,"43.4992130,-1.3005290","43.5464600,-1.1157370"
Peyrehorade,Puyoô,Peyrehorade,Puyoô,12,"43.5464600,-1.1157370","43.5249250,-0.9107630"
Puyoô,Orthez,Puyoô,Orthez,13,"43.5249250,-0.9107630","43.4843330,-0.7677340"
Orthez,Artix,Orthez,Artix,11,"43.4843330,-0.7677340","43.3934150,-0.5701460"
Artix,Pau,Artix,Pau,12,"43.3934150,-0.5701460","43.2917110,-0.3696750"
Pau,Assat,Pau,Assat,5,"43.2917110,-0.3696750","43.2543990,-0.2950180"
Assat,Coarraze,Assat,Coarraze - Nay,6,"43.2543990,-0.2950180","43.1818300,-0.2416990"
Coarraze,Montaut,Coarraze - Nay,Montaut Bétharram,5,"43.1818300,-0.2416990","43.1271810,-0.1990310"
Montaut,Saint-Pé-de-Bigorre,Montaut Bétharram,Saint-Pé-de-Bigorre,3,"43.1271810,-0.1990310","43.1014830,-0.1614230"
Saint-Pé-de-Bigorre,Lourdes,Saint-Pé-de-Bigorre,Lourdes,8,"43.1014830,-0.1614230","43.1004290,-0.0421860"
Lourdes,Tarbes,Lourdes,Tarbes,15,"43.1004290,-0.0421860","43.2398630,0.06944200"
Dax,Puyoô,Dax,Puyoô,17,"43.7204720,-1.0498010","43.5249250,-0.9107630"
Coarraze,Lourdes,Coarraze - Nay,Lourdes,15,"43.1818300,-0.2416990","43.1004290,-0.0421860"
Tarbes,Lourdes,Tarbes,Lourdes,13,"43.2398630,0.06944200","43.1004290,-0.0421860"
Lourdes,Coarraze,Lourdes,Coarraze - Nay,16,"43.1004290,-0.0421860","43.1818300,-0.2416990"
Coarraze,Assat,Coarraze - Nay,Assat,6,"43.1818300,-0.2416990","43.2543990,-0.2950180"
Assat,Pau,Assat,Pau,5,"43.2543990,-0.2950180","43.2917110,-0.3696750"
Puyoô,Dax,Puyoô,Dax,18,"43.5249250,-0.9107630","43.7204720,-1.0498010"
Moulins,Bessay-sur-Allier,Moulins sur Allier,Bessay,8,"46.5613940,3.33878200","46.4429730,3.36064200"
Bessay-sur-Allier,Varennes-sur-Allier,Bessay,Varennes-sur-Allier,9,"46.4429730,3.36064200","46.3155000,3.39423900"
Vichy,Riom,Vichy,Riom - Châtel-Guyon,20,"46.1269910,3.43047600","45.8899650,3.12049800"
Riom,Clermont-Ferrand,Riom - Châtel-Guyon,Clermont-Ferrand,9,"45.8899650,3.12049800","45.7789450,3.10054300"
Clermont-Ferrand,Riom,Clermont-Ferrand,Riom - Châtel-Guyon,8,"45.7789450,3.10054300","45.8899650,3.12049800"
Riom,Vichy,Riom - Châtel-Guyon,Vichy,20,"45.8899650,3.12049800","46.1269910,3.43047600"
Vichy,Saint-Germain-des-Fossés,Vichy,Saint-Germain-des-Fossés,8,"46.1269910,3.43047600","46.2092390,3.43057400"
Saint-Germain-des-Fossés,Varennes-sur-Allier,Saint-Germain-des-Fossés,Varennes-sur-Allier,7,"46.2092390,3.43057400","46.3155000,3.39423900"
Varennes-sur-Allier,Bessay-sur-Allier,Varennes-sur-Allier,Bessay,8,"46.3155000,3.39423900","46.4429730,3.36064200"
Bessay-sur-Allier,Moulins,Bessay,Moulins sur Allier,7,"46.4429730,3.36064200","46.5613940,3.33878200"
Moulins,Chantenay-Saint-Imbert,Moulins sur Allier,Chantenay-Saint-Imbert,12,"46.5613940,3.33878200","46.7285560,3.17147200"
Chantenay-Saint-Imbert,Saint-Pierre-le-Moûtier,Chantenay-Saint-Imbert,Saint-Pierre-le-Moûtier,5,"46.7285560,3.17147200","46.7932780,3.11173800"
Saint-Pierre-le-Moûtier,Nevers,Saint-Pierre-le-Moûtier,Nevers,15,"46.7932780,3.11173800","46.9872820,3.15074300"
Nevers,,Nevers,Saincaize,6,"46.9872820,3.15074300","46.9314050,3.07193700"
,Saint-Pierre-le-Moûtier,Saincaize,Saint-Pierre-le-Moûtier,9,"46.9314050,3.07193700","46.7932780,3.11173800"
Saint-Pierre-le-Moûtier,Chantenay-Saint-Imbert,Saint-Pierre-le-Moûtier,Chantenay-Saint-Imbert,5,"46.7932780,3.11173800","46.7285560,3.17147200"
Chantenay-Saint-Imbert,Villeneuve-sur-Allier,Chantenay-Saint-Imbert,Villeneuve-sur-Allier,6,"46.7285560,3.17147200","46.6589540,3.24716500"
Villeneuve-sur-Allier,Moulins,Villeneuve-sur-Allier,Moulins sur Allier,7,"46.6589540,3.24716500","46.5613940,3.33878200"
Varennes-sur-Allier,Moulins,Varennes-sur-Allier,Moulins sur Allier,15,"46.3155000,3.39423900","46.5613940,3.33878200"
Vic-le-Comte,Les Martres-de-Veyre,Vic-le-Comte,Les Martres-de-Veyre,3,"45.6649410,3.20704200","45.6881950,3.19332500"
Les Martres-de-Veyre,Le Cendre,Les Martres-de-Veyre,Le Cendre - Orcet,3,"45.6881950,3.19332500","45.7238280,3.18868200"
Le Cendre,Cournon-d'Auvergne,Le Cendre - Orcet,Sarliève - Cournon,3,"45.7238280,3.18868200","45.7387430,3.16807500"
Cournon-d'Auvergne,Clermont-Ferrand,Sarliève - Cournon,Clermont la Pardieu,4,"45.7387430,3.16807500","45.7669880,3.13419300"
Clermont-Ferrand,Clermont-Ferrand,Clermont la Pardieu,Clermont-Ferrand,4,"45.7669880,3.13419300","45.7789450,3.10054300"
Moulins,Saint-Pierre-le-Moûtier,Moulins sur Allier,Saint-Pierre-le-Moûtier,15,"46.5613940,3.33878200","46.7932780,3.11173800"
Clermont-Ferrand,Clermont-Ferrand,Clermont-Ferrand,Clermont la Pardieu,3,"45.7789450,3.10054300","45.7669880,3.13419300"
Clermont-Ferrand,Cournon-d'Auvergne,Clermont la Pardieu,Sarliève - Cournon,4,"45.7669880,3.13419300","45.7387430,3.16807500"
Cournon-d'Auvergne,Le Cendre,Sarliève - Cournon,Le Cendre - Orcet,2,"45.7387430,3.16807500","45.7238280,3.18868200"
Le Cendre,Les Martres-de-Veyre,Le Cendre - Orcet,Les Martres-de-Veyre,3,"45.7238280,3.18868200","45.6881950,3.19332500"
Les Martres-de-Veyre,Vic-le-Comte,Les Martres-de-Veyre,Vic-le-Comte,4,"45.6881950,3.19332500","45.6649410,3.20704200"
Issoire,Parent,Issoire,Parent - Coudes - Champeix,9,"45.5439490,3.25404000","45.6144160,3.21677100"
Parent,Vic-le-Comte,Parent - Coudes - Champeix,Vic-le-Comte,6,"45.6144160,3.21677100","45.6649410,3.20704200"
Vic-le-Comte,Parent,Vic-le-Comte,Parent - Coudes - Champeix,6,"45.6649410,3.20704200","45.6144160,3.21677100"
Parent,Issoire,Parent - Coudes - Champeix,Issoire,9,"45.6144160,3.21677100","45.5439490,3.25404000"
Issoire,Le Breuil-sur-Couze,Issoire,Le Breuil-sur-Couze,6,"45.5439490,3.25404000","45.4670990,3.26222100"
Le Breuil-sur-Couze,Brassac-les-Mines,Le Breuil-sur-Couze,Brassac-les-Mines - Sainte-Florine,8,"45.4670990,3.26222100","45.4142460,3.33016700"
Brassac-les-Mines,Bournoncle-Saint-Pierre,Brassac-les-Mines - Sainte-Florine,Arvant,5,"45.4142460,3.33016700","45.3654810,3.31021600"
Bournoncle-Saint-Pierre,Brioude,Arvant,Brioude,8,"45.3654810,3.31021600","45.3005610,3.37856000"
Moulins,Dompierre-sur-Besbre,Moulins sur Allier,Dompierre Sept Fons,18,"46.5613940,3.33878200","46.5263020,3.67491100"
Dompierre-sur-Besbre,Gilly-sur-Loire,Dompierre Sept Fons,Gilly-sur-Loire,6,"46.5263020,3.67491100","46.5369920,3.78211100"
Gilly-sur-Loire,Saint-Agnan,Gilly-sur-Loire,Saint-Agnan,7,"46.5369920,3.78211100","46.5020310,3.87893800"
Saint-Agnan,Digoin,Saint-Agnan,Digoin,10,"46.5020310,3.87893800","46.4851910,3.98767800"
Digoin,Paray-le-Monial,Digoin,Paray-le-Monial,13,"46.4851910,3.98767800","46.4472940,4.11366600"
Paray-le-Monial,Génelard,Paray-le-Monial,Génelard,13,"46.4472940,4.11366600","46.5812200,4.23796500"
Génelard,Ciry-le-Noble,Génelard,Ciry-le-Noble,5,"46.5812200,4.23796500","46.6041910,4.29951800"
Ciry-le-Noble,Saint-Vallier,Ciry-le-Noble,Galuzot,5,"46.6041910,4.29951800","46.6422360,4.32996200"
Saint-Vallier,Montceau-les-Mines,Galuzot,Montceau-les-Mines,4,"46.6422360,4.32996200","46.6706640,4.36102600"
Montceau-les-Mines,Blanzy,Montceau-les-Mines,Blanzy,3,"46.6706640,4.36102600","46.6940640,4.39135800"
Blanzy,Montchanin,Blanzy,Montchanin,9,"46.6940640,4.39135800","46.7592110,4.48147000"
Montchanin,Beaune,Montchanin,Beaune,25,"46.7592110,4.48147000","47.0230140,4.84842300"
Beaune,Montchanin,Beaune,Montchanin,25,"47.0230140,4.84842300","46.7592110,4.48147000"
Montchanin,Blanzy,Montchanin,Blanzy,9,"46.7592110,4.48147000","46.6940640,4.39135800"
Blanzy,Montceau-les-Mines,Blanzy,Montceau-les-Mines,3,"46.6940640,4.39135800","46.6706640,4.36102600"
Montceau-les-Mines,Saint-Vallier,Montceau-les-Mines,Galuzot,4,"46.6706640,4.36102600","46.6422360,4.32996200"
Saint-Vallier,Ciry-le-Noble,Galuzot,Ciry-le-Noble,4,"46.6422360,4.32996200","46.6041910,4.29951800"
Ciry-le-Noble,Génelard,Ciry-le-Noble,Génelard,6,"46.6041910,4.29951800","46.5812200,4.23796500"
Génelard,Paray-le-Monial,Génelard,Paray-le-Monial,13,"46.5812200,4.23796500","46.4472940,4.11366600"
Paray-le-Monial,Digoin,Paray-le-Monial,Digoin,8,"46.4472940,4.11366600","46.4851910,3.98767800"
Digoin,Saint-Agnan,Digoin,Saint-Agnan,8,"46.4851910,3.98767800","46.5020310,3.87893800"
Saint-Agnan,Gilly-sur-Loire,Saint-Agnan,Gilly-sur-Loire,16,"46.5020310,3.87893800","46.5369920,3.78211100"
Gilly-sur-Loire,Dompierre-sur-Besbre,Gilly-sur-Loire,Dompierre Sept Fons,7,"46.5369920,3.78211100","46.5263020,3.67491100"
Dompierre-sur-Besbre,Moulins,Dompierre Sept Fons,Moulins sur Allier,19,"46.5263020,3.67491100","46.5613940,3.33878200"
Riom,Gerzat,Riom - Châtel-Guyon,Gerzat,5,"45.8899650,3.12049800","45.8334880,3.14323600"
Gerzat,Clermont-Ferrand,Gerzat,Clermont-Ferrand,6,"45.8334880,3.14323600","45.7789450,3.10054300"
Joigny,Saint-Julien-du-Sault,Joigny,Saint-Julien-du-Sault,7,"47.9738550,3.39299700","48.0269650,3.30278100"
Saint-Julien-du-Sault,Villeneuve-sur-Yonne,Saint-Julien-du-Sault,Villeneuve-sur-Yonne,5,"48.0269650,3.30278100","48.0850130,3.28692500"
Villeneuve-sur-Yonne,Étigny,Villeneuve-sur-Yonne,Étigny - Véron,5,"48.0850130,3.28692500","48.1382760,3.29074300"
Étigny,Sens,Étigny - Véron,Sens,5,"48.1382760,3.29074300","48.1978560,3.26783300"
Sens,Pont-sur-Yonne,Sens,Pont-sur-Yonne,7,"48.1978560,3.26783300","48.2862870,3.20146300"
Pont-sur-Yonne,Champigny,Pont-sur-Yonne,Champigny,5,"48.2862870,3.20146300","48.3237420,3.13057200"
Champigny,Villeneuve-la-Guyard,Champigny,Villeneuve-la-Guyard,3,"48.3237420,3.13057200","48.3424250,3.07165500"
Villeneuve-la-Guyard,Montereau-Fault-Yonne,Villeneuve-la-Guyard,Montereau,7,"48.3424250,3.07165500","48.3799020,2.94293000"
Montereau-Fault-Yonne,Champagne-sur-Seine,Montereau,Champagne-sur-Seine,9,"48.3799020,2.94293000","48.4065820,2.79921000"
Champagne-sur-Seine,Paris,Champagne-sur-Seine,Paris Gare de Lyon Hall 1 - 2,43,"48.4065820,2.79921000","48.8449450,2.37348100"
Paris,Champagne-sur-Seine,Paris Gare de Lyon Hall 1 - 2,Champagne-sur-Seine,42,"48.8449450,2.37348100","48.4065820,2.79921000"
Champagne-sur-Seine,Montereau-Fault-Yonne,Champagne-sur-Seine,Montereau,9,"48.4065820,2.79921000","48.3799020,2.94293000"
Montereau-Fault-Yonne,Villeneuve-la-Guyard,Montereau,Villeneuve-la-Guyard,7,"48.3799020,2.94293000","48.3424250,3.07165500"
Villeneuve-la-Guyard,Champigny,Villeneuve-la-Guyard,Champigny,4,"48.3424250,3.07165500","48.3237420,3.13057200"
Champigny,Pont-sur-Yonne,Champigny,Pont-sur-Yonne,5,"48.3237420,3.13057200","48.2862870,3.20146300"
Pont-sur-Yonne,Sens,Pont-sur-Yonne,Sens,7,"48.2862870,3.20146300","48.1978560,3.26783300"
Sens,Étigny,Sens,Étigny - Véron,5,"48.1978560,3.26783300","48.1382760,3.29074300"
Étigny,Villeneuve-sur-Yonne,Étigny - Véron,Villeneuve-sur-Yonne,5,"48.1382760,3.29074300","48.0850130,3.28692500"
Villeneuve-sur-Yonne,Saint-Julien-du-Sault,Villeneuve-sur-Yonne,Saint-Julien-du-Sault,5,"48.0850130,3.28692500","48.0269650,3.30278100"
Saint-Julien-du-Sault,Joigny,Saint-Julien-du-Sault,Joigny,7,"48.0269650,3.30278100","47.9738550,3.39299700"
Auxerre,Migennes,Auxerre Saint-Gervais,Laroche - Migennes,17,"47.7976450,3.58514000","47.9609980,3.51319100"
Migennes,Auxerre,Laroche - Migennes,Auxerre Saint-Gervais,13,"47.9609980,3.51319100","47.7976450,3.58514000"
Paris,Villeneuve-la-Guyard,Paris Bercy Bourg. Pays d'Auv.,Villeneuve-la-Guyard,47,"48.8392150,2.38279100","48.3424250,3.07165500"
Montereau-Fault-Yonne,Saint-Mammès,Montereau,Saint-Mammès,6,"48.3799020,2.94293000","48.3821560,2.81591700"
Saint-Mammès,Moret-Loing-et-Orvanne,Saint-Mammès,Moret - Veneux-les-Sablons,2,"48.3821560,2.81591700","48.3784160,2.79947800"
Moret-Loing-et-Orvanne,Avon,Moret - Veneux-les-Sablons,Fontainebleau - Avon,5,"48.3784160,2.79947800","48.4163310,2.72623700"
Avon,Bois-le-Roi,Fontainebleau - Avon,Bois-le-Roi,5,"48.4163310,2.72623700","48.4755670,2.69160600"
Bois-le-Roi,Melun,Bois-le-Roi,Melun,6,"48.4755670,2.69160600","48.5275830,2.65534900"
Melun,Paris,Melun,Paris Gare de Lyon Hall 1 - 2,30,"48.5275830,2.65534900","48.8449450,2.37348100"
Montereau-Fault-Yonne,Melun,Montereau,Melun,26,"48.3799020,2.94293000","48.5275830,2.65534900"
Paris,Melun,Paris Gare de Lyon Hall 1 - 2,Melun,27,"48.8449450,2.37348100","48.5275830,2.65534900"
Melun,Bois-le-Roi,Melun,Bois-le-Roi,5,"48.5275830,2.65534900","48.4755670,2.69160600"
Bois-le-Roi,Avon,Bois-le-Roi,Fontainebleau - Avon,7,"48.4755670,2.69160600","48.4163310,2.72623700"
Avon,Moret-Loing-et-Orvanne,Fontainebleau - Avon,Moret - Veneux-les-Sablons,6,"48.4163310,2.72623700","48.3784160,2.79947800"
Moret-Loing-et-Orvanne,Saint-Mammès,Moret - Veneux-les-Sablons,Saint-Mammès,2,"48.3784160,2.79947800","48.3821560,2.81591700"
Saint-Mammès,Montereau-Fault-Yonne,Saint-Mammès,Montereau,7,"48.3821560,2.81591700","48.3799020,2.94293000"
Corbigny,Tannay,Corbigny,Flez-Cuzy - Tannay,15,"47.2548070,3.67732300","47.3623360,3.61588100"
Tannay,Clamecy,Flez-Cuzy - Tannay,Clamecy,21,"47.3623360,3.61588100","47.4666980,3.52076700"
Clamecy,Crain,Clamecy,Coulanges-sur-Yonne,7,"47.4666980,3.52076700","47.5271750,3.54728200"
Crain,Châtel-Censoir,Coulanges-sur-Yonne,Châtel-Censoir,7,"47.5271750,3.54728200","47.5377690,3.63521100"
Châtel-Censoir,Mailly-la-Ville,Châtel-Censoir,Mailly-la-Ville,9,"47.5377690,3.63521100","47.6041690,3.67514700"
Mailly-la-Ville,Bazarnes,Mailly-la-Ville,Cravant - Bazarnes,9,"47.6041690,3.67514700","47.6785080,3.68117400"
Bazarnes,Champs-sur-Yonne,Cravant - Bazarnes,Champs - Saint-Bris,7,"47.6785080,3.68117400","47.7385870,3.60383300"
Champs-sur-Yonne,Auxerre,Champs - Saint-Bris,Auxerre Saint-Gervais,10,"47.7385870,3.60383300","47.7976450,3.58514000"
Auxerre,Champs-sur-Yonne,Auxerre Saint-Gervais,Champs - Saint-Bris,6,"47.7976450,3.58514000","47.7385870,3.60383300"
Champs-sur-Yonne,Bazarnes,Champs - Saint-Bris,Cravant - Bazarnes,8,"47.7385870,3.60383300","47.6785080,3.68117400"
Bazarnes,Mailly-la-Ville,Cravant - Bazarnes,Mailly-la-Ville,8,"47.6785080,3.68117400","47.6041690,3.67514700"
Mailly-la-Ville,Châtel-Censoir,Mailly-la-Ville,Châtel-Censoir,8,"47.6041690,3.67514700","47.5377690,3.63521100"
Châtel-Censoir,Crain,Châtel-Censoir,Coulanges-sur-Yonne,7,"47.5377690,3.63521100","47.5271750,3.54728200"
Crain,Clamecy,Coulanges-sur-Yonne,Clamecy,8,"47.5271750,3.54728200","47.4666980,3.52076700"
Clamecy,Tannay,Clamecy,Flez-Cuzy - Tannay,20,"47.4666980,3.52076700","47.3623360,3.61588100"
Tannay,Corbigny,Flez-Cuzy - Tannay,Corbigny,15,"47.3623360,3.61588100","47.2548070,3.67732300"
Villeneuve-la-Guyard,Paris,Villeneuve-la-Guyard,Paris Bercy Bourg. Pays d'Auv.,65,"48.3424250,3.07165500","48.8392150,2.38279100"
Paris,Montereau-Fault-Yonne,Paris Bercy Bourg. Pays d'Auv.,Montereau,41,"48.8392150,2.38279100","48.3799020,2.94293000"
Auxerre,Vincelles,Auxerre Saint-Gervais,Vincelles,9,"47.7976450,3.58514000","47.7042040,3.62847100"
Vincelles,Bazarnes,Vincelles,Cravant - Bazarnes,5,"47.7042040,3.62847100","47.6785080,3.68117400"
Bazarnes,Vermenton,Cravant - Bazarnes,Vermenton,6,"47.6785080,3.68117400","47.6607610,3.73205900"
Vermenton,Arcy-sur-Cure,Vermenton,Arcy-sur-Cure,6,"47.6607610,3.73205900","47.6008730,3.76663800"
Arcy-sur-Cure,Givry,Arcy-sur-Cure,Sermizelles - Vézelay,9,"47.6008730,3.76663800","47.5288810,3.79267200"
Givry,Avallon,Sermizelles - Vézelay,Avallon,13,"47.5288810,3.79267200","47.4957550,3.91244600"
Avallon,Givry,Avallon,Sermizelles - Vézelay,11,"47.4957550,3.91244600","47.5288810,3.79267200"
Givry,Arcy-sur-Cure,Sermizelles - Vézelay,Arcy-sur-Cure,9,"47.5288810,3.79267200","47.6008730,3.76663800"
Arcy-sur-Cure,Vermenton,Arcy-sur-Cure,Vermenton,6,"47.6008730,3.76663800","47.6607610,3.73205900"
Vermenton,Bazarnes,Vermenton,Cravant - Bazarnes,7,"47.6607610,3.73205900","47.6785080,3.68117400"
Bazarnes,Vincelles,Cravant - Bazarnes,Vincelles,4,"47.6785080,3.68117400","47.7042040,3.62847100"
Vincelles,Auxerre,Vincelles,Auxerre Saint-Gervais,9,"47.7042040,3.62847100","47.7976450,3.58514000"
Rennes,Plémet,Rennes,Plémet,71,"48.1035170,-1.6727440","48.1760880,-2.5919790"
Plémet,Loudéac,Plémet,Loudéac Triskell,14,"48.1760880,-2.5919790","48.1799970,-2.7352250"
Loudéac,Loudéac,Loudéac Triskell,Loudéac,8,"48.1799970,-2.7352250","48.1802570,-2.7624810"
Loudéac,Loudéac,Loudéac,Loudéac Triskell,8,"48.1802570,-2.7624810","48.1799970,-2.7352250"
Loudéac,Plémet,Loudéac Triskell,Plémet,11,"48.1799970,-2.7352250","48.1760880,-2.5919790"
Plémet,Rennes,Plémet,Rennes,77,"48.1760880,-2.5919790","48.1035170,-1.6727440"
Chartres,Orléans,Chartres Pôle d'Échange Compa,Orléans Avenue de Paris,94,"48.4465470,1.47665300","47.9082770,1.90422900"
Orléans,Orléans,Orléans Avenue de Paris,La Source Orléans Chataigniers,29,"47.9082770,1.90422900","47.8413790,1.92902900"
Orléans,Orléans,La Source Orléans Chataigniers,La Source Orléans Voltaire,5,"47.8413790,1.92902900","47.8372890,1.93901700"
Orléans,Orléans,La Source Orléans Voltaire,La Source Université,6,"47.8372890,1.93901700","47.8393880,1.93468800"
Orléans,Chartres,Orléans Avenue de Paris,Chartres Pôle d'Échange Compa,99,"47.9082770,1.90422900","48.4465470,1.47665300"
Orléans,Orléans,La Source Université,La Source Orléans Chataigniers,6,"47.8393880,1.93468800","47.8413790,1.92902900"
Orléans,Orléans,La Source Orléans Chataigniers,Orléans Avenue de Paris,20,"47.8413790,1.92902900","47.9082770,1.90422900"
Paris,Bordeaux,Paris Montparnasse Hall 1 - 2,Bordeaux Saint-Jean,130,"48.8411720,2.32051400","44.8252330,-0.5568750"
Bordeaux,Agen,Bordeaux Saint-Jean,Agen,63,"44.8252330,-0.5568750","44.2079670,0.62086700"
Agen,Montauban,Agen,Montauban Ville Bourbon,37,"44.2079670,0.62086700","44.0144400,1.34199900"
Montauban,Toulouse,Montauban Ville Bourbon,Toulouse Matabiau,32,"44.0144400,1.34199900","43.6112060,1.45361600"
Bordeaux,Paris,Bordeaux Saint-Jean,Paris Montparnasse Hall 1 - 2,123,"44.8252330,-0.5568750","48.8411720,2.32051400"
Bordeaux,Paris,Bordeaux Saint-Jean,Paris Montparnasse Vaugirard,123,"44.8252330,-0.5568750","48.8411720,2.32051400"
Bordeaux,Angoulême,Bordeaux Saint-Jean,Angoulême,34,"44.8252330,-0.5568750","45.6535720,0.16460800"
Angoulême,Paris,Angoulême,Paris Montparnasse Hall 1 - 2,106,"45.6535720,0.16460800","48.8411720,2.32051400"
Bordeaux,Massy,Bordeaux Saint-Jean,Massy TGV,116,"44.8252330,-0.5568750","48.7257580,2.26125400"
Massy,Paris,Massy TGV,Paris Montparnasse Hall 1 - 2,10,"48.7257580,2.26125400","48.8411720,2.32051400"
Massy,Paris,Massy TGV,Paris Montparnasse Vaugirard,10,"48.7257580,2.26125400","48.8411720,2.32051400"
Paris,Saint-Pierre-des-Corps,Paris Montparnasse Hall 1 - 2,Saint-Pierre-des-Corps,68,"48.8411720,2.32051400","47.3861400,0.72353900"
Saint-Pierre-des-Corps,Poitiers,Saint-Pierre-des-Corps,Poitiers,31,"47.3861400,0.72353900","46.5822320,0.33363600"
Paris,Louvigny,Paris Est,Lorraine TGV,81,"48.8767420,2.35842400","48.9477130,6.16977800"
Louvigny,Strasbourg,Lorraine TGV,Strasbourg,37,"48.9477130,6.16977800","48.5851100,7.73388200"
Paris,Strasbourg,Paris Est,Strasbourg,106,"48.8767420,2.35842400","48.5851100,7.73388200"
Strasbourg,Paris,Strasbourg,Paris Est,106,"48.5851100,7.73388200","48.8767420,2.35842400"
Strasbourg,Bezannes,Strasbourg,Champagne-Ardenne TGV,68,"48.5851100,7.73388200","49.2147690,3.99452300"
Bezannes,Paris,Champagne-Ardenne TGV,Paris Est,42,"49.2147690,3.99452300","48.8767420,2.35842400"
Strasbourg,Louvigny,Strasbourg,Lorraine TGV,36,"48.5851100,7.73388200","48.9477130,6.16977800"
Louvigny,Bezannes,Lorraine TGV,Champagne-Ardenne TGV,37,"48.9477130,6.16977800","49.2147690,3.99452300"
Louvigny,Les Trois-Domaines,Lorraine TGV,Meuse TGV,19,"48.9477130,6.16977800","48.9785830,5.27102400"
Les Trois-Domaines,Bezannes,Meuse TGV,Champagne-Ardenne TGV,24,"48.9785830,5.27102400","49.2147690,3.99452300"
Bezannes,Tremblay-en-France,Champagne-Ardenne TGV,Aéroport Charles de Gaulle 2 TGV,32,"49.2147690,3.99452300","49.0036180,2.57081200"
Tremblay-en-France,Chessy,Aéroport Charles de Gaulle 2 TGV,Marne-la-Vallée Chessy,10,"49.0036180,2.57081200","48.8698980,2.78262600"
Chessy,Massy,Marne-la-Vallée Chessy,Massy TGV,31,"48.8698980,2.78262600","48.7257580,2.26125400"
Massy,Saint-Pierre-des-Corps,Massy TGV,Saint-Pierre-des-Corps,54,"48.7257580,2.26125400","47.3861400,0.72353900"
Poitiers,Angoulême,Poitiers,Angoulême,38,"46.5822320,0.33363600","45.6535720,0.16460800"
Angoulême,Bordeaux,Angoulême,Bordeaux Saint-Jean,35,"45.6535720,0.16460800","44.8252330,-0.5568750"
Angoulême,Poitiers,Angoulême,Poitiers,44,"45.6535720,0.16460800","46.5822320,0.33363600"
Poitiers,Saint-Pierre-des-Corps,Poitiers,Saint-Pierre-des-Corps,31,"46.5822320,0.33363600","47.3861400,0.72353900"
Saint-Pierre-des-Corps,Massy,Saint-Pierre-des-Corps,Massy TGV,50,"47.3861400,0.72353900","48.7257580,2.26125400"
Massy,Chessy,Massy TGV,Marne-la-Vallée Chessy,32,"48.7257580,2.26125400","48.8698980,2.78262600"
Chessy,Tremblay-en-France,Marne-la-Vallée Chessy,Aéroport Charles de Gaulle 2 TGV,10,"48.8698980,2.78262600","49.0036180,2.57081200"
Tremblay-en-France,Bezannes,Aéroport Charles de Gaulle 2 TGV,Champagne-Ardenne TGV,29,"49.0036180,2.57081200","49.2147690,3.99452300"
Bezannes,Les Trois-Domaines,Champagne-Ardenne TGV,Meuse TGV,25,"49.2147690,3.99452300","48.9785830,5.27102400"
Les Trois-Domaines,Louvigny,Meuse TGV,Lorraine TGV,19,"48.9785830,5.27102400","48.9477130,6.16977800"
Metz,Paris,Metz,Paris Est,88,"49.1094660,6.17705200","48.8767420,2.35842400"
Metz,Les Trois-Domaines,Metz,Meuse TGV,27,"49.1094660,6.17705200","48.9785830,5.27102400"
Les Trois-Domaines,Paris,Meuse TGV,Paris Est,61,"48.9785830,5.27102400","48.8767420,2.35842400"
Paris,Metz,Paris Est,Metz,84,"48.8767420,2.35842400","49.1094660,6.17705200"
Metz,Bezannes,Metz,Champagne-Ardenne TGV,47,"49.1094660,6.17705200","49.2147690,3.99452300"
Paris,Les Trois-Domaines,Paris Est,Meuse TGV,61,"48.8767420,2.35842400","48.9785830,5.27102400"
Les Trois-Domaines,Nancy,Meuse TGV,Nancy,35,"48.9785830,5.27102400","48.6898570,6.17457900"
Paris,Bezannes,Paris Est,Champagne-Ardenne TGV,41,"48.8767420,2.35842400","49.2147690,3.99452300"
Bezannes,Nancy,Champagne-Ardenne TGV,Nancy,54,"49.2147690,3.99452300","48.6898570,6.17457900"
Paris,Reims,Paris Est,Reims,49,"48.8767420,2.35842400","49.2589340,4.02249400"
Reims,Paris,Reims,Paris Est,46,"49.2589340,4.02249400","48.8767420,2.35842400"
Colmar,Sélestat,Colmar,Sélestat,11,"48.0735270,7.34775600","48.2598240,7.44365700"
Sélestat,Strasbourg,Sélestat,Strasbourg,21,"48.2598240,7.44365700","48.5851100,7.73388200"
Louvigny,Paris,Lorraine TGV,Paris Est,77,"48.9477130,6.16977800","48.8767420,2.35842400"
Colmar,Strasbourg,Colmar,Strasbourg,30,"48.0735270,7.34775600","48.5851100,7.73388200"
Strasbourg,Colmar,Strasbourg,Colmar,27,"48.5851100,7.73388200","48.0735270,7.34775600"
Strasbourg,Sélestat,Strasbourg,Sélestat,20,"48.5851100,7.73388200","48.2598240,7.44365700"
Sélestat,Colmar,Sélestat,Colmar,11,"48.2598240,7.44365700","48.0735270,7.34775600"
Strasbourg,Les Trois-Domaines,Strasbourg,Meuse TGV,50,"48.5851100,7.73388200","48.9785830,5.27102400"
Les Trois-Domaines,Strasbourg,Meuse TGV,Strasbourg,51,"48.9785830,5.27102400","48.5851100,7.73388200"
Paris,Nancy,Paris Est,Nancy,92,"48.8767420,2.35842400","48.6898570,6.17457900"
Nancy,Paris,Nancy,Paris Est,94,"48.6898570,6.17457900","48.8767420,2.35842400"
Nancy,Les Trois-Domaines,Nancy,Meuse TGV,34,"48.6898570,6.17457900","48.9785830,5.27102400"
Nancy,Bezannes,Nancy,Champagne-Ardenne TGV,53,"48.6898570,6.17457900","49.2147690,3.99452300"
Nancy,Épinal,Nancy,Épinal,43,"48.6898570,6.17457900","48.1780050,6.44178700"
Épinal,Remiremont,Épinal,Remiremont,21,"48.1780050,6.44178700","48.0163420,6.59887900"
Remiremont,Épinal,Remiremont,Épinal,22,"48.0163420,6.59887900","48.1780050,6.44178700"
Épinal,Nancy,Épinal,Nancy,43,"48.1780050,6.44178700","48.6898570,6.17457900"
Nancy,Sarrebourg,Nancy,Sarrebourg,37,"48.6898570,6.17457900","48.7380800,7.05285000"
Sarrebourg,Nancy,Sarrebourg,Nancy,38,"48.7380800,7.05285000","48.6898570,6.17457900"
Lunéville,Saint-Dié-des-Vosges,Lunéville,Saint-Dié-des-Vosges,33,"48.5879900,6.49699700","48.2822330,6.94847200"
Nancy,Saint-Dié-des-Vosges,Nancy,Saint-Dié-des-Vosges,48,"48.6898570,6.17457900","48.2822330,6.94847200"
Saint-Dié-des-Vosges,Nancy,Saint-Dié-des-Vosges,Nancy,54,"48.2822330,6.94847200","48.6898570,6.17457900"
Saint-Dié-des-Vosges,Lunéville,Saint-Dié-des-Vosges,Lunéville,33,"48.2822330,6.94847200","48.5879900,6.49699700"
Bezannes,Metz,Champagne-Ardenne TGV,Metz,48,"49.2147690,3.99452300","49.1094660,6.17705200"
Reims,Rethel,Reims,Rethel,19,"49.2589340,4.02249400","49.5043930,4.36956600"
Rethel,Charleville-Mézières,Rethel,Charleville-Mézières,28,"49.5043930,4.36956600","49.7676300,4.72434400"
Charleville-Mézières,Sedan,Charleville-Mézières,Sedan,16,"49.7676300,4.72434400","49.6950240,4.93037300"
Sedan,Charleville-Mézières,Sedan,Charleville-Mézières,14,"49.6950240,4.93037300","49.7676300,4.72434400"
Charleville-Mézières,Rethel,Charleville-Mézières,Rethel,28,"49.7676300,4.72434400","49.5043930,4.36956600"
Rethel,Reims,Rethel,Reims,21,"49.5043930,4.36956600","49.2589340,4.02249400"
Châlons-en-Champagne,Bezannes,Châlons-en-Champagne,Champagne-Ardenne TGV,20,"48.9552520,4.34865600","49.2147690,3.99452300"
Bezannes,Châlons-en-Champagne,Champagne-Ardenne TGV,Châlons-en-Champagne,21,"49.2147690,3.99452300","48.9552520,4.34865600"
Metz,Thionville,Metz,Thionville,19,"49.1094660,6.17705200","49.3539650,6.16858200"
Thionville,Luxembourg,Thionville,Luxembourg,24,"49.3539650,6.16858200","49.5997220,6.13472200"
Luxembourg,Thionville,Luxembourg,Thionville,20,"49.5997220,6.13472200","49.3539650,6.16858200"
Thionville,Metz,Thionville,Metz,19,"49.3539650,6.16858200","49.1094660,6.17705200"
Paris,Nantes,Paris Montparnasse Hall 1 - 2,Nantes,125,"48.8411720,2.32051400","47.2174910,-1.5420770"
Nantes,La Roche-sur-Yon,Nantes,La Roche-sur-Yon,42,"47.2174910,-1.5420770","46.6720750,-1.4356600"
La Roche-sur-Yon,Les Sables-d'Olonne,La Roche-sur-Yon,Les Sables-d'Olonne,26,"46.6720750,-1.4356600","46.5008700,-1.7819870"
Paris,Sablé-sur-Sarthe,Paris Montparnasse Hall 1 - 2,Sablé-sur-Sarthe,72,"48.8411720,2.32051400","47.8417590,-0.3420000"
Angers,Nantes,Angers Saint-Laud,Nantes,39,"47.4646490,-0.5567700","47.2174910,-1.5420770"
Paris,Lyon,Paris Gare de Lyon Hall 1 - 2,Lyon Part Dieu,278,"48.8449450,2.37348100","45.7605960,4.85940900"
Paris,Dijon,Paris Gare de Lyon Hall 1 - 2,Dijon,145,"48.8449450,2.37348100","47.3234110,5.02725600"
Dijon,Lyon,Dijon,Lyon Perrache,96,"47.3234110,5.02725600","45.7485080,4.82577700"
Lyon,Grenoble,Lyon Part Dieu,Grenoble,70,"45.7605960,4.85940900","45.1931300,5.71411400"
Lyon,Paris,Lyon Part Dieu,Paris Gare de Lyon Hall 1 - 2,277,"45.7605960,4.85940900","48.8449450,2.37348100"
Lyon,Dijon,Lyon Part Dieu,Dijon,112,"45.7605960,4.85940900","47.3234110,5.02725600"
Dijon,Paris,Dijon,Paris Gare de Lyon Hall 1 - 2,168,"47.3234110,5.02725600","48.8449450,2.37348100"
Dijon,Montbard,Dijon,Montbard,36,"47.3234110,5.02725600","47.6187410,4.33621200"
Montbard,Paris,Montbard,Paris Gare de Lyon Hall 1 - 2,117,"47.6187410,4.33621200","48.8449450,2.37348100"
Lyon,Valence,Lyon Part Dieu,Valence Ville,53,"45.7605960,4.85940900","44.9280810,4.89328800"
Valence,Montélimar,Valence Ville,Montélimar,21,"44.9280810,4.89328800","44.5589360,4.74472600"
Montélimar,Orange,Montélimar,Orange,26,"44.5589360,4.74472600","44.1374850,4.82005800"
Orange,Avignon,Orange,Avignon Centre,16,"44.1374850,4.82005800","43.9419230,4.80526900"
Paris,Valence,Paris Gare de Lyon Hall 1 - 2,Valence Ville,327,"48.8449450,2.37348100","44.9280810,4.89328800"
Avignon,Arles,Avignon Centre,Arles,17,"43.9419230,4.80526900","43.6848630,4.63210500"
Arles,Miramas,Arles,Miramas,22,"43.6848630,4.63210500","43.5807370,4.99956500"
Avignon,Orange,Avignon Centre,Orange,13,"43.9419230,4.80526900","44.1374850,4.82005800"
Orange,Montélimar,Orange,Montélimar,25,"44.1374850,4.82005800","44.5589360,4.74472600"
Montélimar,Valence,Montélimar,Valence Ville,22,"44.5589360,4.74472600","44.9280810,4.89328800"
Valence,Lyon,Valence Ville,Lyon Part Dieu,60,"44.9280810,4.89328800","45.7605960,4.85940900"
Dijon,Lyon,Dijon,Lyon Part Dieu,91,"47.3234110,5.02725600","45.7605960,4.85940900"
Dijon,Aix-les-Bains,Dijon,Aix-les-Bains le Revard,144,"47.3234110,5.02725600","45.6881610,5.90937100"
Aix-les-Bains,Chambéry,Aix-les-Bains le Revard,Chambéry - Challes-les-Eaux,11,"45.6881610,5.90937100","45.5713020,5.91954700"
Chambéry,Annecy,Chambéry - Challes-les-Eaux,Annecy,41,"45.5713020,5.91954700","45.9020470,6.12182600"
Montpellier,Nîmes,Montpellier Saint-Roch,Nîmes Centre,28,"43.6047380,3.88067400","43.8323130,4.36587200"
Nîmes,Valence,Nîmes Centre,Valence Ville,68,"43.8323130,4.36587200","44.9280810,4.89328800"
Valence,Paris,Valence Ville,Paris Gare de Lyon Hall 1 - 2,314,"44.9280810,4.89328800","48.8449450,2.37348100"
Valence,Nîmes,Valence Ville,Nîmes Centre,77,"44.9280810,4.89328800","43.8323130,4.36587200"
Nîmes,Montpellier,Nîmes Centre,Montpellier Saint-Roch,31,"43.8323130,4.36587200","43.6047380,3.88067400"
Nîmes,Paris,Nîmes Centre,Paris Gare de Lyon Hall 1 - 2,396,"43.8323130,4.36587200","48.8449450,2.37348100"
Lyon,Chambéry,Lyon Part Dieu,Chambéry - Challes-les-Eaux,72,"45.7605960,4.85940900","45.5713020,5.91954700"
Chambéry,Aix-les-Bains,Chambéry - Challes-les-Eaux,Aix-les-Bains le Revard,11,"45.5713020,5.91954700","45.6881610,5.90937100"
Aix-les-Bains,Annecy,Aix-les-Bains le Revard,Annecy,28,"45.6881610,5.90937100","45.9020470,6.12182600"
Dijon,Chambéry,Dijon,Chambéry - Challes-les-Eaux,156,"47.3234110,5.02725600","45.5713020,5.91954700"
Annecy,Aix-les-Bains,Annecy,Aix-les-Bains le Revard,26,"45.9020470,6.12182600","45.6881610,5.90937100"
Chambéry,Paris,Chambéry - Challes-les-Eaux,Paris Gare de Lyon Hall 1 - 2,323,"45.5713020,5.91954700","48.8449450,2.37348100"
Chambéry,Dijon,Chambéry - Challes-les-Eaux,Dijon,191,"45.5713020,5.91954700","47.3234110,5.02725600"
Valence,Avignon,Valence Ville,Avignon TGV,61,"44.9280810,4.89328800","43.9219400,4.78613600"
Avignon,Aix-en-Provence,Avignon TGV,Aix-en-Provence TGV,20,"43.9219400,4.78613600","43.4552370,5.31753400"
Aix-en-Provence,Marseille,Aix-en-Provence TGV,Marseille Saint-Charles,12,"43.4552370,5.31753400","43.3026660,5.38040700"
Paris,Avignon,Paris Gare de Lyon Hall 1 - 2,Avignon TGV,388,"48.8449450,2.37348100","43.9219400,4.78613600"
Annecy,Chambéry,Annecy,Chambéry - Challes-les-Eaux,35,"45.9020470,6.12182600","45.5713020,5.91954700"
Aix-les-Bains,Paris,Aix-les-Bains le Revard,Paris Gare de Lyon Hall 1 - 2,291,"45.6881610,5.90937100","48.8449450,2.37348100"
Grenoble,Paris,Grenoble,Paris Gare de Lyon Hall 1 - 2,342,"45.1931300,5.71411400","48.8449450,2.37348100"
Grenoble,Lyon,Grenoble,Lyon Part Dieu,79,"45.1931300,5.71411400","45.7605960,4.85940900"
Mulhouse,Meroux-Moval,Mulhouse,Belfort - Montbéliard TGV,22,"47.7426910,7.34316000","47.5851050,6.89798400"
Meroux-Moval,Les Auxons,Belfort - Montbéliard TGV,Besançon Franche-Comté TGV,20,"47.5851050,6.89798400","47.3072150,5.95361300"
Les Auxons,Dijon,Besançon Franche-Comté TGV,Dijon,28,"47.3072150,5.95361300","47.3234110,5.02725600"
Dijon,Les Auxons,Dijon,Besançon Franche-Comté TGV,27,"47.3234110,5.02725600","47.3072150,5.95361300"
Les Auxons,Meroux-Moval,Besançon Franche-Comté TGV,Belfort - Montbéliard TGV,22,"47.3072150,5.95361300","47.5851050,6.89798400"
Meroux-Moval,Mulhouse,Belfort - Montbéliard TGV,Mulhouse,22,"47.5851050,6.89798400","47.7426910,7.34316000"
Paris,Montbard,Paris Gare de Lyon Hall 1 - 2,Montbard,116,"48.8449450,2.37348100","47.6187410,4.33621200"
Montbard,Dijon,Montbard,Dijon,34,"47.6187410,4.33621200","47.3234110,5.02725600"
Lyon,Avignon,Lyon Part Dieu,Avignon TGV,133,"45.7605960,4.85940900","43.9219400,4.78613600"
Marseille,Aix-en-Provence,Marseille Saint-Charles,Aix-en-Provence TGV,11,"43.3026660,5.38040700","43.4552370,5.31753400"
Aix-en-Provence,Avignon,Aix-en-Provence TGV,Avignon TGV,20,"43.4552370,5.31753400","43.9219400,4.78613600"
Avignon,Paris,Avignon TGV,Paris Gare de Lyon Hall 1 - 2,368,"43.9219400,4.78613600","48.8449450,2.37348100"
Avignon,Valence,Avignon TGV,Valence Ville,53,"43.9219400,4.78613600","44.9280810,4.89328800"
Avignon,Lyon,Avignon TGV,Lyon Part Dieu,102,"43.9219400,4.78613600","45.7605960,4.85940900"
Marseille,Paris,Marseille Saint-Charles,Paris Gare de Lyon Hall 1 - 2,426,"43.3026660,5.38040700","48.8449450,2.37348100"
Nîmes,Lyon,Nîmes Centre,Lyon Part Dieu,138,"43.8323130,4.36587200","45.7605960,4.85940900"
Lyon,Nîmes,Lyon Part Dieu,Nîmes Centre,134,"45.7605960,4.85940900","43.8323130,4.36587200"
Paris,Aix-les-Bains,Paris Gare de Lyon Hall 1 - 2,Aix-les-Bains le Revard,312,"48.8449450,2.37348100","45.6881610,5.90937100"
Massy,Le Mans,Massy TGV,Le Mans,52,"48.7257580,2.26125400","47.9956150,0.19261400"
Le Mans,Rennes,Le Mans,Rennes,45,"47.9956150,0.19261400","48.1035170,-1.6727440"
Lille,Tremblay-en-France,Lille Europe,Aéroport Charles de Gaulle 2 TGV,52,"50.6390140,3.07627900","49.0036180,2.57081200"
Lille,Tremblay-en-France,Lille Flandres,Aéroport Charles de Gaulle 2 TGV,54,"50.6365770,3.06987000","49.0036180,2.57081200"
Rennes,Laval,Rennes,Laval,26,"48.1035170,-1.6727440","48.0762550,-0.7609290"
Laval,Le Mans,Laval,Le Mans,28,"48.0762550,-0.7609290","47.9956150,0.19261400"
Le Mans,Massy,Le Mans,Massy TGV,52,"47.9956150,0.19261400","48.7257580,2.26125400"
Tremblay-en-France,Lille,Aéroport Charles de Gaulle 2 TGV,Lille Europe,52,"49.0036180,2.57081200","50.6390140,3.07627900"
Arras,Estrées-Deniécourt,Arras,TGV Haute Picardie,18,"50.2868110,2.78015900","49.8591720,2.83161900"
Estrées-Deniécourt,Tremblay-en-France,TGV Haute Picardie,Aéroport Charles de Gaulle 2 TGV,29,"49.8591720,2.83161900","49.0036180,2.57081200"
Lille,Estrées-Deniécourt,Lille Europe,TGV Haute Picardie,28,"50.6390140,3.07627900","49.8591720,2.83161900"
Tremblay-en-France,Lille,Aéroport Charles de Gaulle 2 TGV,Lille Flandres,54,"49.0036180,2.57081200","50.6365770,3.06987000"
Tremblay-en-France,Estrées-Deniécourt,Aéroport Charles de Gaulle 2 TGV,TGV Haute Picardie,30,"49.0036180,2.57081200","49.8591720,2.83161900"
Estrées-Deniécourt,Lille,TGV Haute Picardie,Lille Europe,27,"49.8591720,2.83161900","50.6390140,3.07627900"
Versailles,Massy,Versailles Chantiers,Massy-Palaiseau,13,"48.7958260,2.13588300","48.7264210,2.25752800"
Massy,Lyon,Massy-Palaiseau,Lyon Part Dieu,123,"48.7264210,2.25752800","45.7605960,4.85940900"
Lyon,Alixan,Lyon Part Dieu,Valence TGV Rhône-Alpes Sud,34,"45.7605960,4.85940900","44.9919070,4.97865200"
Alixan,Avignon,Valence TGV Rhône-Alpes Sud,Avignon TGV,32,"44.9919070,4.97865200","43.9219400,4.78613600"
Avignon,Marseille,Avignon TGV,Marseille Saint-Charles,30,"43.9219400,4.78613600","43.3026660,5.38040700"
Rennes,Le Mans,Rennes,Le Mans,47,"48.1035170,-1.6727440","47.9956150,0.19261400"
Massy,Lyon,Massy TGV,Lyon Part Dieu,124,"48.7257580,2.26125400","45.7605960,4.85940900"
Alixan,Nîmes,Valence TGV Rhône-Alpes Sud,Nîmes Centre,43,"44.9919070,4.97865200","43.8323130,4.36587200"
Lyon,Massy,Lyon Part Dieu,Massy TGV,124,"45.7605960,4.85940900","48.7257580,2.26125400"
Le Mans,Laval,Le Mans,Laval,29,"47.9956150,0.19261400","48.0762550,-0.7609290"
Laval,Rennes,Laval,Rennes,24,"48.0762550,-0.7609290","48.1035170,-1.6727440"
Marseille,Avignon,Marseille Saint-Charles,Avignon TGV,27,"43.3026660,5.38040700","43.9219400,4.78613600"
Avignon,Alixan,Avignon TGV,Valence TGV Rhône-Alpes Sud,33,"43.9219400,4.78613600","44.9919070,4.97865200"
Alixan,Lyon,Valence TGV Rhône-Alpes Sud,Lyon Part Dieu,35,"44.9919070,4.97865200","45.7605960,4.85940900"
Lyon,Massy,Lyon Part Dieu,Massy-Palaiseau,131,"45.7605960,4.85940900","48.7264210,2.25752800"
Massy,Versailles,Massy-Palaiseau,Versailles Chantiers,14,"48.7264210,2.25752800","48.7958260,2.13588300"
Chessy,Bezannes,Marne-la-Vallée Chessy,Champagne-Ardenne TGV,27,"48.8698980,2.78262600","49.2147690,3.99452300"
Massy,Bezannes,Massy TGV,Champagne-Ardenne TGV,61,"48.7257580,2.26125400","49.2147690,3.99452300"
Bezannes,Massy,Champagne-Ardenne TGV,Massy TGV,91,"49.2147690,3.99452300","48.7257580,2.26125400"
Nîmes,Alixan,Nîmes Centre,Valence TGV Rhône-Alpes Sud,44,"43.8323130,4.36587200","44.9919070,4.97865200"
Alixan,Paris,Valence TGV Rhône-Alpes Sud,Paris Gare de Lyon Hall 1 - 2,132,"44.9919070,4.97865200","48.8449450,2.37348100"
Paris,Alixan,Paris Gare de Lyon Hall 1 - 2,Valence TGV Rhône-Alpes Sud,131,"48.8449450,2.37348100","44.9919070,4.97865200"
Montpellier,Sète,Montpellier Saint-Roch,Sète,16,"43.6047380,3.88067400","43.4126410,3.69657100"
Sète,Agde,Sète,Agde,14,"43.4126410,3.69657100","43.3172800,3.46620300"
Agde,Béziers,Agde,Béziers,12,"43.3172800,3.46620300","43.3362950,3.21889500"
Béziers,Narbonne,Béziers,Narbonne,14,"43.3362950,3.21889500","43.1906180,3.00566700"
Narbonne,Perpignan,Narbonne,Perpignan,36,"43.1906180,3.00566700","42.6960960,2.87935500"
Perpignan,Narbonne,Perpignan,Narbonne,39,"42.6960960,2.87935500","43.1906180,3.00566700"
Narbonne,Béziers,Narbonne,Béziers,14,"43.1906180,3.00566700","43.3362950,3.21889500"
Béziers,Agde,Béziers,Agde,11,"43.3362950,3.21889500","43.3172800,3.46620300"
Agde,Sète,Agde,Sète,13,"43.3172800,3.46620300","43.4126410,3.69657100"
Sète,Montpellier,Sète,Montpellier Saint-Roch,19,"43.4126410,3.69657100","43.6047380,3.88067400"
Les Auxons,Besançon,Besançon Franche-Comté TGV,Besançon Viotte,11,"47.3072150,5.95361300","47.2470490,6.02194300"
Alixan,Manduel,Valence TGV Rhône-Alpes Sud,Nîmes Pont du Gard,38,"44.9919070,4.97865200","43.8168090,4.50767800"
Manduel,Montpellier,Nîmes Pont du Gard,Montpellier Sud de France,20,"43.8168090,4.50767800","43.5951460,3.92400900"
Montpellier,Manduel,Montpellier Sud de France,Nîmes Pont du Gard,20,"43.5951460,3.92400900","43.8168090,4.50767800"
Manduel,Alixan,Nîmes Pont du Gard,Valence TGV Rhône-Alpes Sud,39,"43.8168090,4.50767800","44.9919070,4.97865200"
Paris,Marseille,Paris Gare de Lyon Hall 1 - 2,Marseille Saint-Charles,184,"48.8449450,2.37348100","43.3026660,5.38040700"
Hyères,Toulon,Hyères,Toulon,13,"43.1089020,6.12420700","43.1283530,5.92940400"
Toulon,Marseille,Toulon,Marseille Saint-Charles,41,"43.1283530,5.92940400","43.3026660,5.38040700"
Toulon,Aix-en-Provence,Toulon,Aix-en-Provence TGV,49,"43.1283530,5.92940400","43.4552370,5.31753400"
Marseille,Toulon,Marseille Saint-Charles,Toulon,43,"43.3026660,5.38040700","43.1283530,5.92940400"
Toulon,Hyères,Toulon,Hyères,15,"43.1283530,5.92940400","43.1089020,6.12420700"
Avignon,Toulon,Avignon TGV,Toulon,67,"43.9219400,4.78613600","43.1283530,5.92940400"
Toulon,Saint-Raphaël,Toulon,Saint-Raphaël Valescure,46,"43.1283530,5.92940400","43.4236310,6.76903700"
Saint-Raphaël,Cannes,Saint-Raphaël Valescure,Cannes,23,"43.4236310,6.76903700","43.5539080,7.01971100"
Cannes,Antibes,Cannes,Antibes,9,"43.5539080,7.01971100","43.5859710,7.11991300"
Antibes,Nice,Antibes,Nice-Ville,20,"43.5859710,7.11991300","43.7045560,7.26190400"
Nice,Antibes,Nice-Ville,Antibes,14,"43.7045560,7.26190400","43.5859710,7.11991300"
Antibes,Cannes,Antibes,Cannes,9,"43.5859710,7.11991300","43.5539080,7.01971100"
Cannes,Saint-Raphaël,Cannes,Saint-Raphaël Valescure,22,"43.5539080,7.01971100","43.4236310,6.76903700"
Saint-Raphaël,Toulon,Saint-Raphaël Valescure,Toulon,47,"43.4236310,6.76903700","43.1283530,5.92940400"
Toulon,Les Arcs,Toulon,Les Arcs - Draguignan,33,"43.1283530,5.92940400","43.4557250,6.48242400"
Les Arcs,Cannes,Les Arcs - Draguignan,Cannes,34,"43.4557250,6.48242400","43.5539080,7.01971100"
Cannes,Les Arcs,Cannes,Les Arcs - Draguignan,34,"43.5539080,7.01971100","43.4557250,6.48242400"
Les Arcs,Toulon,Les Arcs - Draguignan,Toulon,34,"43.4557250,6.48242400","43.1283530,5.92940400"
Toulon,Avignon,Toulon,Avignon TGV,66,"43.1283530,5.92940400","43.9219400,4.78613600"
Paris,Aix-en-Provence,Paris Gare de Lyon Hall 1 - 2,Aix-en-Provence TGV,184,"48.8449450,2.37348100","43.4552370,5.31753400"
Aix-en-Provence,Toulon,Aix-en-Provence TGV,Toulon,51,"43.4552370,5.31753400","43.1283530,5.92940400"
Saint-Raphaël,Les Arcs,Saint-Raphaël Valescure,Les Arcs - Draguignan,14,"43.4236310,6.76903700","43.4557250,6.48242400"
Paris,Colombier-Saugnieu,Paris Gare de Lyon Hall 1 - 2,Lyon Saint-Exupéry TGV,111,"48.8449450,2.37348100","45.7211090,5.07496900"
Colombier-Saugnieu,Valence,Lyon Saint-Exupéry TGV,Valence Ville,32,"45.7211090,5.07496900","44.9280810,4.89328800"
Miramas,Arles,Miramas,Arles,18,"43.5807370,4.99956500","43.6848630,4.63210500"
Arles,Avignon,Arles,Avignon Centre,17,"43.6848630,4.63210500","43.9419230,4.80526900"
Valence,Colombier-Saugnieu,Valence Ville,Lyon Saint-Exupéry TGV,29,"44.9280810,4.89328800","45.7211090,5.07496900"
Colombier-Saugnieu,Paris,Lyon Saint-Exupéry TGV,Paris Gare de Lyon Hall 1 - 2,112,"45.7211090,5.07496900","48.8449450,2.37348100"
Sète,Montpellier,Sète,Montpellier Sud de France,19,"43.4126410,3.69657100","43.5951460,3.92400900"
Montpellier,Sète,Montpellier Sud de France,Sète,13,"43.5951460,3.92400900","43.4126410,3.69657100"
Paris,Valserhône,Paris Gare de Lyon Hall 1 - 2,Bellegarde,164,"48.8449450,2.37348100","46.1094250,5.82348300"
Valserhône,Annemasse,Bellegarde,Annemasse,35,"46.1094250,5.82348300","46.1992450,6.23643100"
Annemasse,Thonon-les-Bains,Annemasse,Thonon-les-Bains,38,"46.1992450,6.23643100","46.3689890,6.48167300"
Thonon-les-Bains,Évian-les-Bains,Thonon-les-Bains,Évian-les-Bains,8,"46.3689890,6.48167300","46.3979160,6.57746900"
Évian-les-Bains,Thonon-les-Bains,Évian-les-Bains,Thonon-les-Bains,8,"46.3979160,6.57746900","46.3689890,6.48167300"
Thonon-les-Bains,Annemasse,Thonon-les-Bains,Annemasse,27,"46.3689890,6.48167300","46.1992450,6.23643100"
Annemasse,Valserhône,Annemasse,Bellegarde,41,"46.1992450,6.23643100","46.1094250,5.82348300"
Valserhône,Paris,Bellegarde,Paris Gare de Lyon Hall 1 - 2,184,"46.1094250,5.82348300","48.8449450,2.37348100"
Paris,Écuisses,Paris Gare de Lyon Hall 1 - 2,Le Creusot-TGV,80,"48.8449450,2.37348100","46.7653390,4.49943000"
Écuisses,Lyon,Le Creusot-TGV,Lyon Part Dieu,41,"46.7653390,4.49943000","45.7605960,4.85940900"
Lyon,Mâcon,Lyon Part Dieu,Mâcon - Loché TGV,24,"45.7605960,4.85940900","46.2829120,4.77892400"
Mâcon,Écuisses,Mâcon - Loché TGV,Le Creusot-TGV,19,"46.2829120,4.77892400","46.7653390,4.49943000"
Écuisses,Paris,Le Creusot-TGV,Paris Gare de Lyon Hall 1 - 2,81,"46.7653390,4.49943000","48.8449450,2.37348100"
Lyon,Écuisses,Lyon Part Dieu,Le Creusot-TGV,39,"45.7605960,4.85940900","46.7653390,4.49943000"
Écuisses,Mâcon,Le Creusot-TGV,Mâcon - Loché TGV,18,"46.7653390,4.49943000","46.2829120,4.77892400"
Mâcon,Lyon,Mâcon - Loché TGV,Lyon Part Dieu,27,"46.2829120,4.77892400","45.7605960,4.85940900"
Lyon,Saint-Étienne,Lyon Part Dieu,Saint-Étienne Châteaucreux,42,"45.7605960,4.85940900","45.4433660,4.39972200"
Saint-Étienne,Lyon,Saint-Étienne Châteaucreux,Lyon Part Dieu,42,"45.4433660,4.39972200","45.7605960,4.85940900"
Besançon,Mulhouse,Besançon Viotte,Mulhouse,48,"47.2470490,6.02194300","47.7426910,7.34316000"
Dijon,Dole,Dijon,Dole,23,"47.3234110,5.02725600","47.0961500,5.48806000"
Dole,Besançon,Dole,Besançon Viotte,25,"47.0961500,5.48806000","47.2470490,6.02194300"
Besançon,Dole,Besançon Viotte,Dole,22,"47.2470490,6.02194300","47.0961500,5.48806000"
Dole,Dijon,Dole,Dijon,25,"47.0961500,5.48806000","47.3234110,5.02725600"
Besançon,Les Auxons,Besançon Viotte,Besançon Franche-Comté TGV,13,"47.2470490,6.02194300","47.3072150,5.95361300"
Colombier-Saugnieu,Grenoble,Lyon Saint-Exupéry TGV,Grenoble,66,"45.7211090,5.07496900","45.1931300,5.71411400"
Grenoble,Colombier-Saugnieu,Grenoble,Lyon Saint-Exupéry TGV,64,"45.1931300,5.71411400","45.7211090,5.07496900"
Paris,Mâcon,Paris Gare de Lyon Hall 1 - 2,Mâcon - Loché TGV,94,"48.8449450,2.37348100","46.2829120,4.77892400"
Mâcon,Chambéry,Mâcon - Loché TGV,Chambéry - Challes-les-Eaux,73,"46.2829120,4.77892400","45.5713020,5.91954700"
Chambéry,Mâcon,Chambéry - Challes-les-Eaux,Mâcon - Loché TGV,73,"45.5713020,5.91954700","46.2829120,4.77892400"
Mâcon,Paris,Mâcon - Loché TGV,Paris Gare de Lyon Hall 1 - 2,96,"46.2829120,4.77892400","48.8449450,2.37348100"
Paris,Lille,Paris Gare du Nord,Lille Flandres,62,"48.8801360,2.35485100","50.6365770,3.06987000"
Lille,Paris,Lille Flandres,Paris Gare du Nord,64,"50.6365770,3.06987000","48.8801360,2.35485100"
Valenciennes,Douai,Valenciennes,Douai,24,"50.3632650,3.51787500","50.3716730,3.08995800"
Arras,Paris,Arras,Paris Gare du Nord,51,"50.2868110,2.78015900","48.8801360,2.35485100"
Paris,Arras,Paris Gare du Nord,Arras,49,"48.8801360,2.35485100","50.2868110,2.78015900"
Douai,Valenciennes,Douai,Valenciennes,25,"50.3716730,3.08995800","50.3632650,3.51787500"
Arras,Lens,Arras,Lens,11,"50.2868110,2.78015900","50.4277160,2.82598400"
Lens,Douai,Lens,Douai,19,"50.4277160,2.82598400","50.3716730,3.08995800"
Tourcoing,Roubaix,Tourcoing,Roubaix,3,"50.7172720,3.16780700","50.6961110,3.16464200"
Roubaix,Wasquehal,Roubaix,Croix - Wasquehal,3,"50.6961110,3.16464200","50.6785280,3.13806900"
Wasquehal,Lille,Croix - Wasquehal,Lille Flandres,9,"50.6785280,3.13806900","50.6365770,3.06987000"
Lille,Arras,Lille Flandres,Arras,22,"50.6365770,3.06987000","50.2868110,2.78015900"
Dunkerque,Lille,Dunkerque,Lille Europe,32,"51.0312480,2.36851500","50.6390140,3.07627900"
Lille,Arras,Lille Europe,Arras,19,"50.6390140,3.07627900","50.2868110,2.78015900"
Arras,Lille,Arras,Lille Europe,22,"50.2868110,2.78015900","50.6390140,3.07627900"
Lille,Dunkerque,Lille Europe,Dunkerque,32,"50.6390140,3.07627900","51.0312480,2.36851500"
Arras,Lille,Arras,Lille Flandres,21,"50.2868110,2.78015900","50.6365770,3.06987000"
Lille,Wasquehal,Lille Flandres,Croix - Wasquehal,7,"50.6365770,3.06987000","50.6785280,3.13806900"
Wasquehal,Roubaix,Croix - Wasquehal,Roubaix,3,"50.6785280,3.13806900","50.6961110,3.16464200"
Roubaix,Tourcoing,Roubaix,Tourcoing,4,"50.6961110,3.16464200","50.7172720,3.16780700"
Dunkerque,Hazebrouck,Dunkerque,Hazebrouck,21,"51.0312480,2.36851500","50.7249240,2.54146300"
Hazebrouck,Béthune,Hazebrouck,Béthune,20,"50.7249240,2.54146300","50.5210910,2.64200000"
Béthune,Lens,Béthune,Lens,11,"50.5210910,2.64200000","50.4277160,2.82598400"
Lens,Arras,Lens,Arras,13,"50.4277160,2.82598400","50.2868110,2.78015900"
Lens,Béthune,Lens,Béthune,11,"50.4277160,2.82598400","50.5210910,2.64200000"
Béthune,Hazebrouck,Béthune,Hazebrouck,22,"50.5210910,2.64200000","50.7249240,2.54146300"
Hazebrouck,Dunkerque,Hazebrouck,Dunkerque,22,"50.7249240,2.54146300","51.0312480,2.36851500"
Boulogne-sur-Mer,Fréthun,Boulogne sur Mer,Calais - Fréthun,25,"50.7157930,1.60973600","50.9012160,1.81049100"
Fréthun,Lille,Calais - Fréthun,Lille Europe,28,"50.9012160,1.81049100","50.6390140,3.07627900"
Lille,Douai,Lille Europe,Douai,17,"50.6390140,3.07627900","50.3716730,3.08995800"
Lille,Fréthun,Lille Europe,Calais - Fréthun,33,"50.6390140,3.07627900","50.9012160,1.81049100"
Fréthun,Boulogne-sur-Mer,Calais - Fréthun,Boulogne sur Mer,20,"50.9012160,1.81049100","50.7157930,1.60973600"
Fréthun,Calais,Calais - Fréthun,Calais Ville,9,"50.9012160,1.81049100","50.9534660,1.85088500"
Paris,Rennes,Paris Montparnasse Hall 1 - 2,Rennes,94,"48.8411720,2.32051400","48.1035170,-1.6727440"
Rennes,Saint-Brieuc,Rennes,Saint-Brieuc,44,"48.1035170,-1.6727440","48.5075800,-2.7650000"
Morlaix,Brest,Morlaix,Brest,42,"48.5779700,-3.8325140","48.3876200,-4.4803060"
Brest,Morlaix,Brest,Morlaix,34,"48.3876200,-4.4803060","48.5779700,-3.8325140"
Saint-Brieuc,Rennes,Saint-Brieuc,Rennes,49,"48.5075800,-2.7650000","48.1035170,-1.6727440"
Rennes,Paris,Rennes,Paris Montparnasse Hall 1 - 2,92,"48.1035170,-1.6727440","48.8411720,2.32051400"
Paris,Le Mans,Paris Montparnasse Hall 1 - 2,Le Mans,64,"48.8411720,2.32051400","47.9956150,0.19261400"
Rennes,Vannes,Rennes,Vannes,60,"48.1035170,-1.6727440","47.6651690,-2.7524500"
Lorient,Quimper,Lorient,Quimper,39,"47.7555970,-3.3662210","47.9944550,-4.0921030"
Quimper,Lorient,Quimper,Lorient,32,"47.9944550,-4.0921030","47.7555970,-3.3662210"
Vannes,Rennes,Vannes,Rennes,58,"47.6651690,-2.7524500","48.1035170,-1.6727440"
Le Mans,Paris,Le Mans,Paris Montparnasse Hall 1 - 2,61,"47.9956150,0.19261400","48.8411720,2.32051400"
Le Mans,Angers,Le Mans,Angers Saint-Laud,38,"47.9956150,0.19261400","47.4646490,-0.5567700"
Nantes,Angers,Nantes,Angers Saint-Laud,37,"47.2174910,-1.5420770","47.4646490,-0.5567700"
Angers,Paris,Angers Saint-Laud,Paris Montparnasse Hall 1 - 2,95,"47.4646490,-0.5567700","48.8411720,2.32051400"
Paris,Angers,Paris Montparnasse Hall 1 - 2,Angers Saint-Laud,89,"48.8411720,2.32051400","47.4646490,-0.5567700"
Nantes,Paris,Nantes,Paris Montparnasse Vaugirard,132,"47.2174910,-1.5420770","48.8411720,2.32051400"
Nantes,Paris,Nantes,Paris Montparnasse Hall 1 - 2,119,"47.2174910,-1.5420770","48.8411720,2.32051400"
Paris,Poitiers,Paris Montparnasse Hall 1 - 2,Poitiers,84,"48.8411720,2.32051400","46.5822320,0.33363600"
Poitiers,Niort,Poitiers,Niort,44,"46.5822320,0.33363600","46.3192910,-0.4551310"
Niort,Surgères,Niort,Surgères,18,"46.3192910,-0.4551310","46.1133390,-0.7611300"
Surgères,La Rochelle,Surgères,La Rochelle,21,"46.1133390,-0.7611300","46.1527050,-1.1458530"
La Rochelle,Surgères,La Rochelle,Surgères,18,"46.1527050,-1.1458530","46.1133390,-0.7611300"
Surgères,Niort,Surgères,Niort,18,"46.1133390,-0.7611300","46.3192910,-0.4551310"
Niort,Poitiers,Niort,Poitiers,43,"46.3192910,-0.4551310","46.5822320,0.33363600"
Poitiers,Paris,Poitiers,Paris Montparnasse Hall 1 - 2,80,"46.5822320,0.33363600","48.8411720,2.32051400"
Saint-Pierre-des-Corps,Bordeaux,Saint-Pierre-des-Corps,Bordeaux Saint-Jean,81,"47.3861400,0.72353900","44.8252330,-0.5568750"
Angoulême,Saint-Pierre-des-Corps,Angoulême,Saint-Pierre-des-Corps,63,"45.6535720,0.16460800","47.3861400,0.72353900"
Saint-Pierre-des-Corps,Paris,Saint-Pierre-des-Corps,Paris Montparnasse Hall 1 - 2,57,"47.3861400,0.72353900","48.8411720,2.32051400"
Poitiers,Massy,Poitiers,Massy TGV,88,"46.5822320,0.33363600","48.7257580,2.26125400"
Estrées-Deniécourt,Lille,TGV Haute Picardie,Lille Flandres,29,"49.8591720,2.83161900","50.6365770,3.06987000"
Lille,Tourcoing,Lille Flandres,Tourcoing,16,"50.6365770,3.06987000","50.7172720,3.16780700"
Tourcoing,Estrées-Deniécourt,Tourcoing,TGV Haute Picardie,36,"50.7172720,3.16780700","49.8591720,2.83161900"
Paris,Massy,Paris Montparnasse Hall 1 - 2,Massy TGV,9,"48.8411720,2.32051400","48.7257580,2.26125400"
Massy,Poitiers,Massy TGV,Poitiers,80,"48.7257580,2.26125400","46.5822320,0.33363600"
Toulouse,Montauban,Toulouse Matabiau,Montauban Ville Bourbon,31,"43.6112060,1.45361600","44.0144400,1.34199900"
Montauban,Agen,Montauban Ville Bourbon,Agen,37,"44.0144400,1.34199900","44.2079670,0.62086700"
Agen,Bordeaux,Agen,Bordeaux Saint-Jean,65,"44.2079670,0.62086700","44.8252330,-0.5568750"
Massy,Angoulême,Massy TGV,Angoulême,104,"48.7257580,2.26125400","45.6535720,0.16460800"
Strasbourg,Metz,Strasbourg,Metz,47,"48.5851100,7.73388200","49.1094660,6.17705200"
Metz,Strasbourg,Metz,Strasbourg,56,"49.1094660,6.17705200","48.5851100,7.73388200"
Avignon,Colombier-Saugnieu,Avignon TGV,Lyon Saint-Exupéry TGV,51,"43.9219400,4.78613600","45.7211090,5.07496900"
Alixan,Toulon,Valence TGV Rhône-Alpes Sud,Toulon,104,"44.9919070,4.97865200","43.1283530,5.92940400"
Aix-en-Provence,Paris,Aix-en-Provence TGV,Paris Gare de Lyon Hall 1 - 2,180,"43.4552370,5.31753400","48.8449450,2.37348100"
Aix-en-Provence,Colombier-Saugnieu,Aix-en-Provence TGV,Lyon Saint-Exupéry TGV,67,"43.4552370,5.31753400","45.7211090,5.07496900"
Nîmes,Colombier-Saugnieu,Nîmes Centre,Lyon Saint-Exupéry TGV,62,"43.8323130,4.36587200","45.7211090,5.07496900"
Colombier-Saugnieu,Nîmes,Lyon Saint-Exupéry TGV,Nîmes Centre,67,"45.7211090,5.07496900","43.8323130,4.36587200"
Paris,Laval,Paris Montparnasse Hall 1 - 2,Laval,78,"48.8411720,2.32051400","48.0762550,-0.7609290"
Laval,Paris,Laval,Paris Montparnasse Hall 1 - 2,72,"48.0762550,-0.7609290","48.8411720,2.32051400"
Le Mans,Paris,Le Mans,Paris Montparnasse Vaugirard,56,"47.9956150,0.19261400","48.8411720,2.32051400"
Dol-de-Bretagne,Rennes,Dol-de-Bretagne,Rennes,31,"48.5442500,-1.7505360","48.1035170,-1.6727440"
Rennes,Dol-de-Bretagne,Rennes,Dol-de-Bretagne,31,"48.1035170,-1.6727440","48.5442500,-1.7505360"
Saint-Malo,Rennes,Saint-Malo,Rennes,43,"48.6468590,-2.0041580","48.1035170,-1.6727440"
Rennes,Saint-Malo,Rennes,Saint-Malo,41,"48.1035170,-1.6727440","48.6468590,-2.0041580"
Rennes,Paris,Rennes,Paris Montparnasse Vaugirard,92,"48.1035170,-1.6727440","48.8411720,2.32051400"
Angers,Le Mans,Angers Saint-Laud,Le Mans,39,"47.4646490,-0.5567700","47.9956150,0.19261400"
Sablé-sur-Sarthe,Le Mans,Sablé-sur-Sarthe,Le Mans,21,"47.8417590,-0.3420000","47.9956150,0.19261400"
Angers,Paris,Angers Saint-Laud,Paris Montparnasse Vaugirard,83,"47.4646490,-0.5567700","48.8411720,2.32051400"
Paris,Redon,Paris Montparnasse Hall 1 - 2,Redon,132,"48.8411720,2.32051400","47.6520040,-2.0877700"
Saint-Pierre-des-Corps,Villiers-sur-Loir,Saint-Pierre-des-Corps,Vendôme - Villiers-sur-Loir,19,"47.3861400,0.72353900","47.8219370,1.02114300"
Villiers-sur-Loir,Paris,Vendôme - Villiers-sur-Loir,Paris Montparnasse Hall 1 - 2,44,"47.8219370,1.02114300","48.8411720,2.32051400"
Paris,Villiers-sur-Loir,Paris Montparnasse Hall 1 - 2,Vendôme - Villiers-sur-Loir,49,"48.8411720,2.32051400","47.8219370,1.02114300"
Villiers-sur-Loir,Saint-Pierre-des-Corps,Vendôme - Villiers-sur-Loir,Saint-Pierre-des-Corps,19,"47.8219370,1.02114300","47.3861400,0.72353900"
Paris,Villiers-sur-Loir,Paris Montparnasse Vaugirard,Vendôme - Villiers-sur-Loir,49,"48.8411720,2.32051400","47.8219370,1.02114300"
Villiers-sur-Loir,Paris,Vendôme - Villiers-sur-Loir,Paris Montparnasse Vaugirard,44,"47.8219370,1.02114300","48.8411720,2.32051400"
Poitiers,Châtellerault,Poitiers,Châtellerault,18,"46.5822320,0.33363600","46.8184080,0.54899500"
Châtellerault,Saint-Pierre-des-Corps,Châtellerault,Saint-Pierre-des-Corps,29,"46.8184080,0.54899500","47.3861400,0.72353900"
Saint-Pierre-des-Corps,Châtellerault,Saint-Pierre-des-Corps,Châtellerault,25,"47.3861400,0.72353900","46.8184080,0.54899500"
Châtellerault,Chasseneuil-du-Poitou,Châtellerault,Futuroscope,12,"46.8184080,0.54899500","46.6699180,0.37720900"
Chasseneuil-du-Poitou,Poitiers,Futuroscope,Poitiers,9,"46.6699180,0.37720900","46.5822320,0.33363600"
Poitiers,Chasseneuil-du-Poitou,Poitiers,Futuroscope,8,"46.5822320,0.33363600","46.6699180,0.37720900"
Chasseneuil-du-Poitou,Châtellerault,Futuroscope,Châtellerault,14,"46.6699180,0.37720900","46.8184080,0.54899500"
Paris,Châtellerault,Paris Montparnasse Hall 1 - 2,Châtellerault,80,"48.8411720,2.32051400","46.8184080,0.54899500"
Châtellerault,Poitiers,Châtellerault,Poitiers,18,"46.8184080,0.54899500","46.5822320,0.33363600"
La Rochelle,Niort,La Rochelle,Niort,34,"46.1527050,-1.1458530","46.3192910,-0.4551310"
Niort,Paris,Niort,Paris Montparnasse Hall 1 - 2,111,"46.3192910,-0.4551310","48.8411720,2.32051400"
Paris,Saint-Maixent-l'École,Paris Montparnasse Hall 1 - 2,Saint-Maixent-L'École,104,"48.8411720,2.32051400","46.4064820,-0.2013200"
Saint-Maixent-l'École,Niort,Saint-Maixent-L'École,Niort,15,"46.4064820,-0.2013200","46.3192910,-0.4551310"
Niort,Saint-Pierre-des-Corps,Niort,Saint-Pierre-des-Corps,68,"46.3192910,-0.4551310","47.3861400,0.72353900"
Paris,Niort,Paris Montparnasse Hall 1 - 2,Niort,121,"48.8411720,2.32051400","46.3192910,-0.4551310"
Niort,La Rochelle,Niort,La Rochelle,37,"46.3192910,-0.4551310","46.1527050,-1.1458530"
Saint-Pierre-des-Corps,Niort,Saint-Pierre-des-Corps,Niort,65,"47.3861400,0.72353900","46.3192910,-0.4551310"
Niort,Saint-Maixent-l'École,Niort,Saint-Maixent-L'École,13,"46.3192910,-0.4551310","46.4064820,-0.2013200"
Saint-Maixent-l'École,Poitiers,Saint-Maixent-L'École,Poitiers,31,"46.4064820,-0.2013200","46.5822320,0.33363600"
Poitiers,Saint-Maixent-l'École,Poitiers,Saint-Maixent-L'École,29,"46.5822320,0.33363600","46.4064820,-0.2013200"
Saint-Pierre-des-Corps,Paris,Saint-Pierre-des-Corps,Paris Montparnasse Vaugirard,62,"47.3861400,0.72353900","48.8411720,2.32051400"
Poitiers,Bordeaux,Poitiers,Bordeaux Saint-Jean,58,"46.5822320,0.33363600","44.8252330,-0.5568750"
Paris,Angoulême,Paris Montparnasse Hall 1 - 2,Angoulême,111,"48.8411720,2.32051400","45.6535720,0.16460800"
Arcachon,Biganos,Arcachon,Biganos Facture,14,"44.6591180,-1.1651760","44.6377420,-0.9659010"
Biganos,Arcachon,Biganos Facture,Arcachon,18,"44.6377420,-0.9659010","44.6591180,-1.1651760"
La Teste-de-Buch,Biganos,La Teste,Biganos Facture,18,"44.6368490,-1.1430930","44.6377420,-0.9659010"
Biganos,La Teste-de-Buch,Biganos Facture,La Teste,12,"44.6377420,-0.9659010","44.6368490,-1.1430930"
Bordeaux,Libourne,Bordeaux Saint-Jean,Libourne,19,"44.8252330,-0.5568750","44.9159040,-0.2363590"
Libourne,Angoulême,Libourne,Angoulême,42,"44.9159040,-0.2363590","45.6535720,0.16460800"
Angoulême,Libourne,Angoulême,Libourne,43,"45.6535720,0.16460800","44.9159040,-0.2363590"
Libourne,Bordeaux,Libourne,Bordeaux Saint-Jean,19,"44.9159040,-0.2363590","44.8252330,-0.5568750"
Châtellerault,Paris,Châtellerault,Paris Montparnasse Hall 1 - 2,76,"46.8184080,0.54899500","48.8411720,2.32051400"
Poitiers,Paris,Poitiers,Paris Montparnasse Vaugirard,79,"46.5822320,0.33363600","48.8411720,2.32051400"
Agen,Toulouse,Agen,Toulouse Matabiau,64,"44.2079670,0.62086700","43.6112060,1.45361600"
Toulouse,Bordeaux,Toulouse Matabiau,Bordeaux Saint-Jean,139,"43.6112060,1.45361600","44.8252330,-0.5568750"
Bordeaux,Toulouse,Bordeaux Saint-Jean,Toulouse Matabiau,127,"44.8252330,-0.5568750","43.6112060,1.45361600"
Massy,Bordeaux,Massy TGV,Bordeaux Saint-Jean,122,"48.7257580,2.26125400","44.8252330,-0.5568750"
Toulouse,Agen,Toulouse Matabiau,Agen,65,"43.6112060,1.45361600","44.2079670,0.62086700"
Hendaye,Saint-Jean-de-Luz,Hendaye,Saint-Jean-de-Luz - Ciboure,11,"43.3529820,-1.7813190","43.3860650,-1.6611970"
Saint-Jean-de-Luz,Biarritz,Saint-Jean-de-Luz - Ciboure,Biarritz,10,"43.3860650,-1.6611970","43.4593870,-1.5459370"
Bayonne,Dax,Bayonne,Dax,28,"43.4966350,-1.4700570","43.7204720,-1.0498010"
Dax,Bordeaux,Dax,Bordeaux Saint-Jean,74,"43.7204720,-1.0498010","44.8252330,-0.5568750"
Bordeaux,Dax,Bordeaux Saint-Jean,Dax,68,"44.8252330,-0.5568750","43.7204720,-1.0498010"
Dax,Bayonne,Dax,Bayonne,31,"43.7204720,-1.0498010","43.4966350,-1.4700570"
Biarritz,Saint-Jean-de-Luz,Biarritz,Saint-Jean-de-Luz - Ciboure,13,"43.4593870,-1.5459370","43.3860650,-1.6611970"
Saint-Jean-de-Luz,Hendaye,Saint-Jean-de-Luz - Ciboure,Hendaye,13,"43.3860650,-1.6611970","43.3529820,-1.7813190"
Paris,Bordeaux,Paris Montparnasse Vaugirard,Bordeaux Saint-Jean,130,"48.8411720,2.32051400","44.8252330,-0.5568750"
Lourdes,Pau,Lourdes,Pau,25,"43.1004290,-0.0421860","43.2917110,-0.3696750"
Pau,Orthez,Pau,Orthez,20,"43.2917110,-0.3696750","43.4843330,-0.7677340"
Orthez,Dax,Orthez,Dax,27,"43.4843330,-0.7677340","43.7204720,-1.0498010"
Pau,Dax,Pau,Dax,47,"43.2917110,-0.3696750","43.7204720,-1.0498010"
Dax,Pau,Dax,Pau,46,"43.7204720,-1.0498010","43.2917110,-0.3696750"
Pau,Lourdes,Pau,Lourdes,26,"43.2917110,-0.3696750","43.1004290,-0.0421860"
Dax,Orthez,Dax,Orthez,26,"43.7204720,-1.0498010","43.4843330,-0.7677340"
Orthez,Pau,Orthez,Pau,21,"43.4843330,-0.7677340","43.2917110,-0.3696750"
Morlaix,Saint-Brieuc,Morlaix,Saint-Brieuc,42,"48.5779700,-3.8325140","48.5075800,-2.7650000"
Brest,Saint-Brieuc,Brest,Saint-Brieuc,73,"48.3876200,-4.4803060","48.5075800,-2.7650000"
Laval,Paris,Laval,Paris Montparnasse Vaugirard,73,"48.0762550,-0.7609290","48.8411720,2.32051400"
Saint-Brieuc,Brest,Saint-Brieuc,Brest,73,"48.5075800,-2.7650000","48.3876200,-4.4803060"
Landerneau,Morlaix,Landerneau,Morlaix,25,"48.4535720,-4.2565280","48.5779700,-3.8325140"
Brest,Guingamp,Brest,Guingamp,56,"48.3876200,-4.4803060","48.5556590,-3.1433430"
Morlaix,Landerneau,Morlaix,Landerneau,24,"48.5779700,-3.8325140","48.4535720,-4.2565280"
Paris,Saint-Brieuc,Paris Montparnasse Hall 1 - 2,Saint-Brieuc,142,"48.8411720,2.32051400","48.5075800,-2.7650000"
Saint-Brieuc,Morlaix,Saint-Brieuc,Morlaix,39,"48.5075800,-2.7650000","48.5779700,-3.8325140"
Saint-Brieuc,Paris,Saint-Brieuc,Paris Montparnasse Hall 1 - 2,132,"48.5075800,-2.7650000","48.8411720,2.32051400"
Lannion,Guingamp,Lannion,Guingamp,27,"48.7276380,-3.4603530","48.5556590,-3.1433430"
Guingamp,Lannion,Guingamp,Lannion,29,"48.5556590,-3.1433430","48.7276380,-3.4603530"
Vannes,Lorient,Vannes,Lorient,23,"47.6651690,-2.7524500","47.7555970,-3.3662210"
Lorient,Vannes,Lorient,Vannes,23,"47.7555970,-3.3662210","47.6651690,-2.7524500"
Paris,Vannes,Paris Montparnasse Hall 1 - 2,Vannes,149,"48.8411720,2.32051400","47.6651690,-2.7524500"
Vannes,Paris,Vannes,Paris Montparnasse Hall 1 - 2,143,"47.6651690,-2.7524500","48.8411720,2.32051400"
Redon,Paris,Redon,Paris Montparnasse Hall 1 - 2,128,"47.6520040,-2.0877700","48.8411720,2.32051400"
Le Mans,Sablé-sur-Sarthe,Le Mans,Sablé-sur-Sarthe,19,"47.9956150,0.19261400","47.8417590,-0.3420000"
Saint-Nazaire,Nantes,Saint-Nazaire,Nantes,35,"47.2864890,-2.2110790","47.2174910,-1.5420770"
Angers,Massy,Angers Saint-Laud,Massy TGV,77,"47.4646490,-0.5567700","48.7257580,2.26125400"
Nantes,Saint-Nazaire,Nantes,Saint-Nazaire,34,"47.2174910,-1.5420770","47.2864890,-2.2110790"
Le Croisic,La Baule-Escoublac,Le Croisic,La Baule-Escoublac,8,"47.2898890,-2.5073400","47.2884590,-2.3892100"
La Baule-Escoublac,Saint-Nazaire,La Baule-Escoublac,Saint-Nazaire,14,"47.2884590,-2.3892100","47.2864890,-2.2110790"
Saint-Nazaire,La Baule-Escoublac,Saint-Nazaire,La Baule-Escoublac,13,"47.2864890,-2.2110790","47.2884590,-2.3892100"
La Baule-Escoublac,Le Croisic,La Baule-Escoublac,Le Croisic,10,"47.2884590,-2.3892100","47.2898890,-2.5073400"
Le Croisic,Le Pouliguen,Le Croisic,Le Pouliguen,5,"47.2898890,-2.5073400","47.2825040,-2.4331260"
Le Pouliguen,La Baule-Escoublac,Le Pouliguen,La Baule-Escoublac,3,"47.2825040,-2.4331260","47.2884590,-2.3892100"
La Baule-Escoublac,Pornichet,La Baule-Escoublac,Pornichet,4,"47.2884590,-2.3892100","47.2704300,-2.3448650"
Pornichet,Saint-Nazaire,Pornichet,Saint-Nazaire,11,"47.2704300,-2.3448650","47.2864890,-2.2110790"
Saint-Nazaire,Pornichet,Saint-Nazaire,Pornichet,10,"47.2864890,-2.2110790","47.2704300,-2.3448650"
Pornichet,La Baule-Escoublac,Pornichet,La Baule-Escoublac,6,"47.2704300,-2.3448650","47.2884590,-2.3892100"
La Baule-Escoublac,Le Pouliguen,La Baule-Escoublac,Le Pouliguen,3,"47.2884590,-2.3892100","47.2825040,-2.4331260"
Le Pouliguen,Le Croisic,Le Pouliguen,Le Croisic,6,"47.2825040,-2.4331260","47.2898890,-2.5073400"
Les Sables-d'Olonne,La Roche-sur-Yon,Les Sables-d'Olonne,La Roche-sur-Yon,24,"46.5008700,-1.7819870","46.6720750,-1.4356600"
La Roche-sur-Yon,Nantes,La Roche-sur-Yon,Nantes,41,"46.6720750,-1.4356600","47.2174910,-1.5420770"
Paris,Meroux-Moval,Paris Gare de Lyon Hall 1 - 2,Belfort - Montbéliard TGV,136,"48.8449450,2.37348100","47.5851050,6.89798400"
Mulhouse,Basel,Mulhouse,Basel SBB,19,"47.7426910,7.34316000","47.5474000,7.58956000"
Basel,Zürich,Basel SBB,Zuerich HB,53,"47.5474000,7.58956000","47.3781700,8.54019000"
Paris,Mulhouse,Paris Gare de Lyon Hall 1 - 2,Mulhouse,163,"48.8449450,2.37348100","47.7426910,7.34316000"
Zürich,Basel,Zuerich HB,Basel SBB,54,"47.3781700,8.54019000","47.5474000,7.58956000"
Basel,Mulhouse,Basel SBB,Mulhouse,21,"47.5474000,7.58956000","47.7426910,7.34316000"
Mulhouse,Paris,Mulhouse,Paris Gare de Lyon Hall 1 - 2,189,"47.7426910,7.34316000","48.8449450,2.37348100"
Meroux-Moval,Paris,Belfort - Montbéliard TGV,Paris Gare de Lyon Hall 1 - 2,137,"47.5851050,6.89798400","48.8449450,2.37348100"
Meroux-Moval,Dijon,Belfort - Montbéliard TGV,Dijon,43,"47.5851050,6.89798400","47.3234110,5.02725600"
Mulhouse,Dijon,Mulhouse,Dijon,62,"47.7426910,7.34316000","47.3234110,5.02725600"
Dijon,Meroux-Moval,Dijon,Belfort - Montbéliard TGV,48,"47.3234110,5.02725600","47.5851050,6.89798400"
Dijon,Mulhouse,Dijon,Mulhouse,61,"47.3234110,5.02725600","47.7426910,7.34316000"
Milano,Torino,MILANO PORTA GARIBALDI,Turin Porta Susa,89,"45.4849160,9.18769400","45.0741180,7.66667500"
Torino,Oulx,Turin Porta Susa,OULX CESANA CLAVIERE SESTRIERE,52,"45.0741180,7.66667500","45.0387950,6.83143100"
Oulx,Saint-Jean-de-Maurienne,OULX CESANA CLAVIERE SESTRIERE,Saint-Jean-de-Maurienne Arvan,110,"45.0387950,6.83143100","45.2775420,6.35471600"
Saint-Jean-de-Maurienne,Chambéry,Saint-Jean-de-Maurienne Arvan,Chambéry - Challes-les-Eaux,38,"45.2775420,6.35471600","45.5713020,5.91954700"
Paris,Chambéry,Paris Gare de Lyon Hall 1 - 2,Chambéry - Challes-les-Eaux,168,"48.8449450,2.37348100","45.5713020,5.91954700"
Chambéry,Saint-Jean-de-Maurienne,Chambéry - Challes-les-Eaux,Saint-Jean-de-Maurienne Arvan,41,"45.5713020,5.91954700","45.2775420,6.35471600"
Saint-Jean-de-Maurienne,Oulx,Saint-Jean-de-Maurienne Arvan,OULX CESANA CLAVIERE SESTRIERE,80,"45.2775420,6.35471600","45.0387950,6.83143100"
Oulx,Torino,OULX CESANA CLAVIERE SESTRIERE,Turin Porta Susa,54,"45.0387950,6.83143100","45.0741180,7.66667500"
Torino,Milano,Turin Porta Susa,MILANO PORTA GARIBALDI,82,"45.0741180,7.66667500","45.4849160,9.18769400"
Dole,Frasne,Dole,Frasne,42,"47.0961500,5.48806000","46.8575960,6.15776700"
Frasne,Vallorbe,Frasne,Vallorbe,13,"46.8575960,6.15776700","46.7124200,6.37057000"
Vallorbe,Lausanne,Vallorbe,Lausanne,50,"46.7124200,6.37057000","46.5167900,6.62909000"
Lausanne,Vallorbe,Lausanne,Vallorbe,35,"46.5167900,6.62909000","46.7124200,6.37057000"
Vallorbe,Frasne,Vallorbe,Frasne,15,"46.7124200,6.37057000","46.8575960,6.15776700"
Frasne,Mouchard,Frasne,Mouchard,27,"46.8575960,6.15776700","46.9768650,5.79969800"
Mouchard,Dole,Mouchard,Dole,15,"46.9768650,5.79969800","47.0961500,5.48806000"
Paris,Genève,Paris Gare de Lyon Hall 1 - 2,Geneve,297,"48.8449450,2.37348100","46.2102200,6.14244000"
Frasne,Dole,Frasne,Dole,42,"46.8575960,6.15776700","47.0961500,5.48806000"
Genève,Paris,Geneve,Paris Gare de Lyon Hall 1 - 2,296,"46.2102200,6.14244000","48.8449450,2.37348100"
Dole,Mouchard,Dole,Mouchard,15,"47.0961500,5.48806000","46.9768650,5.79969800"
Mouchard,Frasne,Mouchard,Frasne,28,"46.9768650,5.79969800","46.8575960,6.15776700"
Strasbourg,Offenburg,Strasbourg,Offenburg,19,"48.5851100,7.73388200","48.4765000,7.94680000"
Offenburg,Lahr/Schwarzwald,Offenburg,Lahr (Schwarzw),11,"48.4765000,7.94680000","48.3406000,7.83530000"
Lahr/Schwarzwald,Ringsheim,Lahr (Schwarzw),Ringsheim,8,"48.3406000,7.83530000","48.2489000,7.77320000"
Ringsheim,Freiburg im Breisgau,Ringsheim,Freiburg (Breisgau) Hbf,21,"48.2489000,7.77320000","47.9979000,7.84160000"
Freiburg im Breisgau,Ringsheim,Freiburg (Breisgau) Hbf,Ringsheim,23,"47.9979000,7.84160000","48.2489000,7.77320000"
Ringsheim,Lahr/Schwarzwald,Ringsheim,Lahr (Schwarzw),7,"48.2489000,7.77320000","48.3406000,7.83530000"
Lahr/Schwarzwald,Offenburg,Lahr (Schwarzw),Offenburg,17,"48.3406000,7.83530000","48.4765000,7.94680000"
Offenburg,Strasbourg,Offenburg,Strasbourg,27,"48.4765000,7.94680000","48.5851100,7.73388200"
Bezannes,Louvigny,Champagne-Ardenne TGV,Lorraine TGV,39,"49.2147690,3.99452300","48.9477130,6.16977800"
Ringsheim,Offenburg,Ringsheim,Offenburg,17,"48.2489000,7.77320000","48.4765000,7.94680000"
Frankfurt am Main,Mannheim,Francfort sur le Main,Mannheim Hbf,102,"50.1073000,8.66240000","49.4794000,8.46960000"
Mannheim,Kaiserslautern,Mannheim Hbf,Kaiserslautern Hbf,41,"49.4794000,8.46960000","49.4359000,7.76880000"
Kaiserslautern,Saarbrücken,Kaiserslautern Hbf,Sarrebruck,37,"49.4359000,7.76880000","49.2410000,6.99100000"
Saarbrücken,Forbach,Sarrebruck,Forbach,9,"49.2410000,6.99100000","49.1892280,6.90131800"
Forbach,Paris,Forbach,Paris Est,100,"49.1892280,6.90131800","48.8767420,2.35842400"
Paris,Forbach,Paris Est,Forbach,106,"48.8767420,2.35842400","49.1892280,6.90131800"
Forbach,Saarbrücken,Forbach,Sarrebruck,11,"49.1892280,6.90131800","49.2410000,6.99100000"
Saarbrücken,Kaiserslautern,Sarrebruck,Kaiserslautern Hbf,37,"49.2410000,6.99100000","49.4359000,7.76880000"
Kaiserslautern,Mannheim,Kaiserslautern Hbf,Mannheim Hbf,41,"49.4359000,7.76880000","49.4794000,8.46960000"
Mannheim,Heidelberg,Mannheim Hbf,Heidelberg Hbf,17,"49.4794000,8.46960000","49.4035000,8.67540000"
Heidelberg,Mannheim,Heidelberg Hbf,Mannheim Hbf,18,"49.4035000,8.67540000","49.4794000,8.46960000"
Saarbrücken,Paris,Sarrebruck,Paris Est,112,"49.2410000,6.99100000","48.8767420,2.35842400"
Paris,Saarbrücken,Paris Est,Sarrebruck,109,"48.8767420,2.35842400","49.2410000,6.99100000"
Mannheim,Frankfurt am Main,Mannheim Hbf,Francfort sur le Main,75,"49.4794000,8.46960000","50.1073000,8.66240000"
Mannheim,Karlsruhe,Mannheim Hbf,Karlsruhe Hbf,26,"49.4794000,8.46960000","48.9935000,8.40190000"
Karlsruhe,Strasbourg,Karlsruhe Hbf,Strasbourg,43,"48.9935000,8.40190000","48.5851100,7.73388200"
Strasbourg,Karlsruhe,Strasbourg,Karlsruhe Hbf,45,"48.5851100,7.73388200","48.9935000,8.40190000"
Karlsruhe,Mannheim,Karlsruhe Hbf,Mannheim Hbf,23,"48.9935000,8.40190000","49.4794000,8.46960000"
Stuttgart,Karlsruhe,Stuttgart Hbf,Karlsruhe Hbf,38,"48.7846000,9.18370000","48.9935000,8.40190000"
Karlsruhe,Stuttgart,Karlsruhe Hbf,Stuttgart Hbf,37,"48.9935000,8.40190000","48.7846000,9.18370000"
München,Augsburg,Munich,Augsburg Hbf,29,"48.1401000,11.5587000","48.3654000,10.8860000"
Augsburg,Ulm,Augsburg Hbf,Ulm Hbf,42,"48.3654000,10.8860000","48.3996000,9.98280000"
Ulm,Stuttgart,Ulm Hbf,Stuttgart Hbf,57,"48.3996000,9.98280000","48.7846000,9.18370000"
Stuttgart,Ulm,Stuttgart Hbf,Ulm Hbf,55,"48.7846000,9.18370000","48.3996000,9.98280000"
Ulm,Augsburg,Ulm Hbf,Augsburg Hbf,41,"48.3996000,9.98280000","48.3654000,10.8860000"
Augsburg,München,Augsburg Hbf,Munich,30,"48.3654000,10.8860000","48.1401000,11.5587000"
Genève,Valserhône,Geneve,Bellegarde,29,"46.2102200,6.14244000","46.1094250,5.82348300"
Valserhône,Bourg-en-Bresse,Bellegarde,Bourg-en-Bresse,47,"46.1094250,5.82348300","46.2001110,5.21501100"
Bourg-en-Bresse,Paris,Bourg-en-Bresse,Paris Gare de Lyon Hall 1 - 2,110,"46.2001110,5.21501100","48.8449450,2.37348100"
Paris,Bourg-en-Bresse,Paris Gare de Lyon Hall 1 - 2,Bourg-en-Bresse,111,"48.8449450,2.37348100","46.2001110,5.21501100"
Bourg-en-Bresse,Valserhône,Bourg-en-Bresse,Bellegarde,48,"46.2001110,5.21501100","46.1094250,5.82348300"
Valserhône,Genève,Bellegarde,Geneve,26,"46.1094250,5.82348300","46.2102200,6.14244000"
Genève,Lausanne,Geneve,Lausanne,35,"46.2102200,6.14244000","46.5167900,6.62909000"
Valserhône,Nurieux-Volognat,Bellegarde,Nurieux Gare,23,"46.1094250,5.82348300","46.1841210,5.53272600"
Nurieux-Volognat,Bourg-en-Bresse,Nurieux Gare,Bourg-en-Bresse,26,"46.1841210,5.53272600","46.2001110,5.21501100"
Dijon,Bourg-en-Bresse,Dijon,Bourg-en-Bresse,92,"47.3234110,5.02725600","46.2001110,5.21501100"
Lausanne,Genève,Lausanne,Geneve,36,"46.5167900,6.62909000","46.2102200,6.14244000"
Bourg-en-Bresse,Nurieux-Volognat,Bourg-en-Bresse,Nurieux Gare,25,"46.2001110,5.21501100","46.1841210,5.53272600"
Nurieux-Volognat,Valserhône,Nurieux Gare,Bellegarde,22,"46.1841210,5.53272600","46.1094250,5.82348300"
Saint-Gilles - Sint-Gillis,Lille,Bruxelles Midi,Lille Europe,34,"50.8360000,4.33600000","50.6390140,3.07627900"
Lille,Saint-Gilles - Sint-Gillis,Lille Europe,Bruxelles Midi,33,"50.6390140,3.07627900","50.8360000,4.33600000"
