text,label
Elle cherche un itinéraire jusqu'à Nice à Paris,1
Elle vais cuisiner le dîner à Nantes,0
Elle cherche un itinéraire jusqu'à Nice à Paris,1
Je veux aller de Biarritz à Marseille,1
Il prévoit de partir de Lyon à Toulouse demain,1
Nous réservons un billet pour un trajet de Bordeaux à Nantes,1
Elle va prendre le train de Strasbourg à Lille,1
Il part de Montpellier pour aller à Lyon,1
Elle cherche un vol de Paris à Nice,1
Il prend l'avion pour un trajet entre Lyon et Marseille,1
Nous prévoyons de partir de Toulouse pour visiter Bordeaux,1
Je cherche un itinéraire en train de Nantes à Rennes,1
Nous devons partir demain matin de Marseille à Strasbourg,1
Je dois rejoindre mes amis de Bordeaux à Paris,1
Il a prévu de voyager de Lille à Toulouse,1
Je pars de Nice pour un séjour à Paris,1
Nous avons réservé un billet de Rennes à Lyon,1
Ils veulent un trajet de Marseille à Bordeaux,1
Elle se rendra de Strasbourg à Lille en train,1
Nous allons en voiture de Toulouse à Montpellier,1
Il cherche un vol de Bordeaux à Paris,1
Elle a prévu un trajet de Marseille à Nantes,1
Ils prennent un train de Rennes à Lyon ce soir,1
Nous partons demain matin de Paris à Lille,1
Il a acheté un billet de Toulouse à Bordeaux,1
Elle prend l'avion de Nice à Lyon la semaine prochaine,1
Nous cherchons un trajet de Nantes à Paris,1
Il voyage de Lille à Marseille pour un événement,1
Elle prend le train de Rennes à Strasbourg,1
Je prévois de partir de Paris pour aller à Lyon,1
Nous cherchons un itinéraire de Toulouse à Marseille,1
Elle prévoit un trajet de Lille à Nice,1
Il part en train de Rennes à Paris,1
Nous allons voyager de Marseille à Toulouse,1
Je cherche un billet de train de Bordeaux à Nantes,1
Elle a réservé un vol de Paris à Marseille,1
Il doit rejoindre un client de Strasbourg à Lyon,1
Nous avons prévu de partir de Lille à Rennes,1
Je dois prendre un avion de Marseille à Paris,1
Elle part de Lyon pour visiter Toulouse,1
Nous cherchons un itinéraire de train de Bordeaux à Nice,1
Il prévoit de partir de Paris à Rennes,1
Elle veut prendre un train de Lille à Marseille,1
Nous prévoyons un voyage de Rennes à Paris,1
Je vais voyager de Toulouse à Lille,1
Elle doit rejoindre des collègues de Paris à Lyon,1
Nous cherchons un trajet en train de Bordeaux à Marseille,1
Il prend un avion de Nice à Strasbourg,1
Elle part de Rennes pour visiter Nantes,1
Nous réservons un billet de Paris à Toulouse,1
Il prévoit un vol de Lyon à Lille,1
Elle prend un train de Bordeaux à Marseille,1
Nous cherchons un vol de Toulouse à Rennes,1
Je prévois de prendre un train de Paris à Nice,1
Nous partons demain de Lille à Bordeaux,1
Elle veut réserver un billet de Rennes à Lyon,1
Je dois aller de Paris à Nantes,1
Elle prévoit un voyage de Marseille à Lille,1
Nous avons pris un billet de Toulouse à Bordeaux,1
Il part en voiture de Lille à Paris,1
Je prends un vol de Marseille à Strasbourg,1
Elle part en train de Bordeaux à Rennes,1
Nous réservons un billet de Lyon à Marseille,1
Elle veut voyager de Toulouse à Paris,1
Nous cherchons un itinéraire de train de Rennes à Lille,1
Il prend un avion de Marseille à Nantes,1
Elle prévoit de partir de Paris à Rennes,1
Nous allons de Lyon à Bordeaux demain,1
Il prend un train de Lille à Toulouse,1
Elle cherche un trajet de Rennes à Marseille,1
Nous prévoyons un voyage de Bordeaux à Lyon,1
Je dois aller de Paris à Marseille demain,1
Elle prévoit de rejoindre ses amis de Lille à Toulouse,1
Il part de Rennes pour un événement à Paris,1
Nous réservons un billet de Marseille à Lille,1
Elle prend un avion de Toulouse à Lyon,1
Je pars de Paris pour visiter Rennes,1
Nous cherchons un trajet de train de Lille à Bordeaux,1
Il voyage de Rennes à Nice,1
Je vais cuisiner le dîner à Nantes,0
Nous allons au cinéma à Bordeaux ce soir,0
Il veut acheter des légumes au marché de Lille,0
Elle prévoit de promener son chien au parc à Rennes,0
Je vais me reposer à Paris demain,0
Elle va se promener dans le jardin à Nice,0
Il veut acheter un livre à Marseille,0
Nous devons réparer la voiture à Lyon,0
Je vais faire les courses au centre commercial à Bordeaux,0
Elle veut regarder un film chez elle à Toulouse,0
Je vais nettoyer la maison à Nantes,0
Nous allons faire une randonnée à Rennes,0
Il prévoit de cuisiner un repas à Lille,0
Je vais acheter des cadeaux à Lyon,0
Elle va préparer un gâteau à Marseille,0
Je dois réparer la voiture dans le garage à Paris,0
Nous allons nous promener au parc à Bordeaux,0
Elle prévoit de lire un livre à Rennes,0
Il va organiser une fête à Nice,0
Je vais regarder la télévision à Toulouse,0
Nous devons jardiner dans le jardin à Marseille,0
Je vais faire du shopping à Paris,0
Il veut jouer au foot dans le parc à Lille,0
Elle prévoit de lire un livre chez elle à Nantes,0
Nous allons cuisiner un dîner à Rennes,0
Il prévoit de ranger sa chambre à Nice,0
Je vais organiser une réunion chez moi à Lyon,0
Elle veut préparer le déjeuner à Bordeaux,0
Il va jouer aux jeux vidéo à Lille,0
Je vais faire une promenade à Paris,0
Elle va écrire dans son journal à Nantes,0
Nous devons acheter du pain à Rennes,0
Je vais laver la voiture à Toulouse,0
Il veut organiser une sortie entre amis à Marseille,0
Je vais jardiner dans le jardin à Bordeaux,0
Elle veut faire une sieste chez elle à Nice,0
Nous allons bricoler dans le garage à Rennes,0
Je vais lire un livre dans le parc à Lyon,0
Il prévoit de regarder un match de foot à Lille,0
Elle veut organiser un déjeuner en famille à Paris,0
Nous allons faire du vélo à Bordeaux,0
Je vais réparer mon ordinateur à Marseille,0
Elle prévoit de préparer un repas chez elle à Toulouse,0
Il va s'occuper du jardin à Lille,0
Je vais prendre un café à Paris,0
Nous allons nous détendre au bord du lac à Rennes,0
Je vais faire du yoga dans le jardin à Nice,0
Il veut organiser un pique-nique à Lyon,0
Elle prévoit de faire une séance de sport à Bordeaux,0
Nous allons dîner chez des amis à Toulouse,0
Je vais faire une randonnée à Lille,0
Elle va décorer son salon à Paris,0
Nous allons préparer un barbecue à Marseille,0
Je vais cuisiner un plat à Nice,0
Elle prévoit d'organiser une réunion à Rennes,0
Il va acheter un vélo à Lille,0
Je vais peindre la maison à Paris,0
Elle prévoit de ranger son appartement à Toulouse,0
Nous allons prendre un café à Bordeaux,0
Il prévoit de réparer le toit à Lyon,0
Je vais organiser une sortie entre amis à Nice,0
Nous allons faire un pique-nique au parc à Rennes,0
Elle prévoit de préparer le dîner à Lille,0
Je vais ranger ma chambre à Paris,0
Il va bricoler dans son garage à Marseille,0
Nous allons faire du shopping au centre commercial à Lyon,0
Elle va acheter des vêtements à Toulouse,0
Je vais passer l'après-midi au bord du lac à Nice,0
Je cherche un billet de train de Paris à Marseille,1
Elle prévoit de voyager de Bordeaux à Lyon demain,1
Nous avons un vol prévu de Toulouse à Nice,1
Il prend le bus de Rennes à Strasbourg ce soir,1
Elle veut un itinéraire de train de Lille à Paris,1
Je dois partir de Lyon pour une réunion à Marseille,1
Nous avons un vol pour aller de Nantes à Bordeaux,1
Elle prend l'avion de Lille à Lyon la semaine prochaine,1
Je veux voyager de Paris à Nice,1
Ils réservent un billet de Marseille à Bordeaux,1
Nous avons prévu de partir en voiture de Lille à Rennes,1
Elle doit se rendre de Toulouse à Paris pour une conférence,1
Il va prendre un train de Bordeaux à Lille demain,1
Je prévois de partir de Lyon à Marseille ce soir,1
Nous cherchons un vol de Nice à Rennes,1
Elle a réservé un train de Bordeaux à Toulouse,1
Nous allons voyager de Lille à Paris demain matin,1
Je cherche un vol de Rennes à Nice,1
Ils réservent un billet de train de Paris à Marseille,1
Elle prend le bus de Bordeaux à Nantes,1
Je dois partir demain de Lyon à Toulouse,1
Nous avons prévu un trajet de Paris à Rennes,1
Elle veut prendre un vol de Lille à Marseille,1
Je réserve un train pour aller de Bordeaux à Lyon,1
Il partira demain de Toulouse à Nice,1
Nous cherchons un vol de Marseille à Bordeaux,1
Elle a prévu de partir en train de Rennes à Paris,1
Nous avons un itinéraire de Bordeaux à Lille,1
Je dois réserver un billet de Lyon à Marseille,1
Elle voyage de Lille à Toulouse pour les vacances,1
Ils prennent un train de Paris à Lyon,1
Je prévois de partir de Bordeaux à Marseille,1
Nous avons un vol de Lille à Rennes ce soir,1
Elle part de Nice pour une réunion à Paris,1
Ils cherchent un itinéraire de Bordeaux à Toulouse,1
Je vais prendre un avion de Marseille à Lyon,1
Nous avons réservé un billet de Rennes à Bordeaux,1
Elle prévoit de partir de Lille à Nice demain,1
Je veux voyager de Paris à Toulouse,1
Nous allons partir en voiture de Bordeaux à Marseille,1
Elle prend un avion de Lyon à Lille ce soir,1
Il a prévu un trajet de Paris à Nice,1
Je dois partir de Marseille pour aller à Bordeaux,1
Nous cherchons un billet de train de Rennes à Toulouse,1
Elle a réservé un billet pour partir de Paris à Marseille,1
Ils veulent voyager de Lyon à Lille,1
Nous allons prendre un vol de Bordeaux à Rennes,1
Je pars demain de Toulouse à Nice,1
Elle a prévu de partir de Marseille à Bordeaux,1
Ils réservent un billet de Lille à Paris,1
Nous avons un vol prévu de Rennes à Toulouse,1
Je cherche un trajet de Bordeaux à Marseille,1
Elle prévoit de voyager de Paris à Nice la semaine prochaine,1
Il part demain de Toulouse à Lyon,1
Nous avons réservé un billet de Lille à Rennes,1
Elle prend un avion de Bordeaux à Marseille,1
Je prévois un trajet de Lyon à Paris demain matin,1
Ils vont partir de Nice à Toulouse,1
Nous avons un vol de Lille à Bordeaux ce soir,1
Elle cherche un itinéraire de Rennes à Marseille,1
Je vais prendre un train de Paris à Lyon,1
Nous réservons un billet pour un vol de Toulouse à Lille,1
Elle prévoit de voyager de Bordeaux à Marseille demain,1
Il partira en voiture de Lyon à Paris,1
Nous avons prévu un vol de Marseille à Lille,1
Je vais prendre un avion de Rennes à Bordeaux,1
Ils veulent un itinéraire de Lille à Toulouse,1
Nous allons partir en train de Bordeaux à Lyon,1
Elle a réservé un vol de Marseille à Rennes,1
Je dois partir demain de Paris à Nice,1
Nous avons un trajet prévu de Lille à Bordeaux,1
Elle prend un bus de Toulouse à Lyon demain,1
Ils réservent un billet pour partir de Paris à Lille,1
Nous avons un vol de Bordeaux à Marseille ce soir,1
Je prévois un voyage de Rennes à Toulouse,1
Elle part demain de Lyon à Paris,1
Nous cherchons un itinéraire de Bordeaux à Nice,1
Elle prévoit de prendre un avion de Paris à Toulouse,1
Ils veulent partir en voiture de Lille à Marseille,1
Nous allons réserver un billet de Rennes à Bordeaux,1
Je vais prendre un vol de Nice à Lyon,1
Ils cherchent un trajet de Marseille à Toulouse,1
Nous partons demain de Paris à Lille,1
Je vais me promener dans le parc à Rennes,0
Elle prévoit de préparer un gâteau à la maison à Toulouse,0
Nous allons regarder un film au cinéma à Marseille,0
Je vais faire du shopping au centre commercial à Bordeaux,0
Il veut organiser un barbecue dans le jardin à Nice,0
Nous avons prévu de cuisiner un dîner à Lyon,0
Elle va décorer son appartement à Lille,0
Je vais jardiner dans mon jardin à Paris,0
Ils vont bricoler dans le garage à Rennes,0
Nous allons faire une promenade à Bordeaux ce soir,0
Je veux lire un livre dans le parc à Nantes,0
Elle prévoit de nettoyer la maison à Toulouse,0
Il va jouer au foot avec des amis à Marseille,0
Nous allons passer la journée au centre commercial à Nice,0
Je vais cuisiner un repas à la maison à Lyon,0
Elle va acheter des vêtements au centre commercial à Bordeaux,0
Nous allons passer du temps dans le parc à Lille,0
Je vais me détendre dans le jardin à Paris,0
Il veut organiser une fête à la maison à Rennes,0
Nous allons faire du vélo dans le parc à Toulouse,0
Elle prévoit de regarder un film à la maison à Marseille,0
Je vais faire une randonnée à la campagne près de Nice,0
Nous allons faire les courses au marché de Lyon,0
Elle prévoit de préparer un dîner à la maison à Bordeaux,0
Il veut acheter une nouvelle voiture à Lille,0
Nous allons passer la soirée à la maison à Paris,0
Je vais faire une sieste dans le jardin à Rennes,0
Elle prévoit de faire du shopping au centre commercial à Toulouse,0
Nous allons faire un pique-nique dans le parc à Marseille,0
Je vais passer l'après-midi à la plage à Nice,0
Il va regarder la télévision à la maison à Lyon,0
Nous allons préparer un barbecue dans le jardin à Bordeaux,0
Elle veut passer la soirée au cinéma à Lille,0
Je vais faire du yoga dans le parc à Paris,0
Nous allons préparer un repas en famille à Rennes,0
Elle prévoit de faire une promenade dans le parc à Toulouse,0
Je vais nettoyer la voiture dans le garage à Marseille,0
Nous allons passer la journée au centre commercial à Nice,0
Elle va cuisiner un gâteau pour ses amis à Lyon,0
Il prévoit de regarder un match de foot à la télévision à Bordeaux,0
Nous allons passer l'après-midi au parc à Lille,0
Je vais lire un livre au bord du lac à Paris,0
Elle prévoit de jardiner dans son jardin à Rennes,0
Il va faire du vélo avec des amis à Toulouse,0
Nous allons organiser une fête à la maison à Marseille,0
Je vais faire une promenade dans le parc à Nice,0
Elle va passer l'après-midi à la plage à Lyon,0
Nous allons faire du shopping dans le centre-ville à Bordeaux,0
Je vais me détendre au bord du lac à Lille,0
Elle prévoit de préparer un repas pour sa famille à Paris,0
Il va bricoler dans le garage à Rennes,0
Nous allons passer la soirée à regarder des films à Toulouse,0
Je vais jouer au foot dans le parc à Marseille,0
Elle veut préparer un dîner pour ses amis à Nice,0
Nous allons faire du shopping dans le centre commercial à Lyon,0
Je vais passer la journée à me reposer à Bordeaux,0
Il veut organiser une sortie entre amis à Lille,0
Nous allons passer la soirée à la maison à Paris,0
Je vais faire du jogging dans le parc à Rennes,0
Elle prévoit de passer la journée au centre commercial à Toulouse,0
Nous allons passer la soirée à regarder la télévision à Marseille,0
Je vais me détendre dans le jardin à Nice,0
Elle prévoit de lire un livre à la plage à Lyon,0
Il va faire du shopping avec ses amis à Bordeaux,0
Nous allons faire une promenade au parc à Lille,0
Je vais passer l'après-midi à jardiner à Paris,0
Elle veut cuisiner un dîner pour sa famille à Rennes,0
Nous allons passer la soirée à la plage à Toulouse,0
Je vais organiser une sortie entre amis à Marseille,0
Elle prévoit de faire du vélo avec ses amis à Nice,0
Nous allons passer la journée au bord du lac à Lyon,0
Il prévoit de faire du sport dans le parc à Bordeaux,0
Je vais passer l'après-midi à lire dans le parc à Lille,0
Elle veut préparer un gâteau pour sa famille à Paris,0
Nous allons passer la soirée à faire du shopping à Rennes,0
Je vais me promener dans le parc avec des amis à Toulouse,0
Je dois prendre un vol de Nice à Paris demain,1
Elle prend le train de Lille à Marseille la semaine prochaine,1
Nous avons prévu de partir en bus de Lyon à Bordeaux,1
Il prend un billet pour un vol de Toulouse à Rennes,1
Je vais prendre le train de Paris à Nantes ce soir,1
Elle va réserver un billet pour un vol de Marseille à Lyon,1
Nous allons voyager de Rennes à Lille pour le travail,1
Il prévoit de partir en train de Paris à Toulouse,1
Je vais partir de Marseille à Bordeaux demain matin,1
Elle cherche un itinéraire de Lyon à Paris pour les vacances,1
Nous avons réservé un billet de train de Lille à Nice,1
Il part en avion de Toulouse à Bordeaux ce soir,1
Je vais prendre le bus de Paris à Marseille,1
Elle prévoit de voyager en train de Lyon à Bordeaux,1
Nous allons prendre un avion de Lille à Paris,1
Il a un billet pour un vol de Nice à Rennes,1
Je vais partir de Toulouse à Lyon demain,1
Elle prend un vol de Marseille à Paris pour un rendez-vous,1
Nous allons partir de Bordeaux à Lyon demain matin,1
Il cherche un billet pour un vol de Lille à Toulouse,1
Je vais prendre un train de Paris à Nice,1
Elle prévoit de voyager en bus de Lyon à Toulouse,1
Nous allons prendre un vol de Marseille à Bordeaux,1
Il part en train de Rennes à Paris ce soir,1
Je vais prendre un avion de Lille à Lyon demain,1
Elle va voyager de Nice à Marseille pour une conférence,1
Nous avons réservé un billet de train de Toulouse à Rennes,1
Il prévoit de partir de Paris à Bordeaux en voiture,1
Je vais partir de Lyon à Nice demain matin,1
Elle cherche un itinéraire de Lille à Bordeaux,1
Nous allons prendre un bus de Marseille à Paris,1
Il a un billet pour un vol de Toulouse à Lyon,1
Je vais prendre un vol de Rennes à Nice ce soir,1
Elle prévoit de partir en train de Paris à Marseille,1
Nous avons un billet pour un vol de Lyon à Toulouse,1
Il part de Lille à Bordeaux demain matin,1
Je vais prendre un bus de Rennes à Lyon,1
Elle va voyager de Toulouse à Paris pour une réunion,1
Nous avons prévu de partir en avion de Bordeaux à Marseille,1
Il prend le train de Lyon à Nice demain soir,1
Je vais réserver un billet pour un vol de Lille à Toulouse,1
Elle cherche un itinéraire de Rennes à Paris pour un voyage,1
Nous allons prendre un vol de Marseille à Lyon ce week-end,1
Il part demain de Bordeaux à Toulouse,1
Je vais voyager en train de Nice à Lille,1
Elle a un billet pour un vol de Paris à Lyon demain matin,1
Nous allons partir en bus de Toulouse à Bordeaux,1
Il prévoit de voyager en train de Marseille à Paris,1
Je vais prendre un vol de Lyon à Lille demain,1
Elle va partir de Bordeaux à Paris pour les vacances,1
Nous avons un billet pour un vol de Toulouse à Rennes,1
Il cherche un itinéraire de Nice à Lyon,1
Je vais réserver un billet de train de Lille à Paris,1
Elle prévoit de partir de Rennes à Marseille demain matin,1
Nous allons voyager en bus de Lyon à Toulouse,1
Il partira en avion de Bordeaux à Nice demain soir,1
Je vais prendre un vol de Paris à Marseille pour une réunion,1
Elle va voyager de Lille à Bordeaux pour un rendez-vous,1
Nous avons prévu de partir en train de Toulouse à Rennes,1
Il a réservé un billet pour un vol de Nice à Lyon,1
Je vais voyager de Marseille à Lille pour les affaires,1
Elle prévoit de prendre un avion de Paris à Toulouse,1
Nous allons partir demain de Bordeaux à Lyon,1
Il cherche un itinéraire de Lille à Marseille,1
Je vais prendre un bus de Toulouse à Bordeaux ce soir,1
Elle a un billet pour un vol de Rennes à Nice demain,1
Nous allons voyager de Lyon à Paris pour un événement,1
Il prévoit de partir en bus de Bordeaux à Toulouse,1
Je vais prendre un avion de Marseille à Rennes,1
Elle va voyager de Lille à Paris pour une conférence,1
Nous avons réservé un billet de train de Lyon à Marseille,1
Il cherche un itinéraire de Toulouse à Bordeaux pour le travail,1
Je vais prendre un vol de Paris à Lyon demain matin,1
Elle prévoit de voyager de Marseille à Lille demain,1
Nous allons partir de Bordeaux à Rennes en voiture,1
Il a réservé un billet de train de Lyon à Toulouse,1
Je vais prendre un vol de Nice à Marseille,1
Elle prévoit de partir en bus de Lille à Paris,1
Nous allons voyager de Toulouse à Rennes pour un mariage,1
Il part demain de Lyon à Nice en avion,1
Je vais prendre un train de Bordeaux à Paris,1
Elle va voyager de Rennes à Marseille demain,1
Nous avons prévu de partir de Toulouse à Lyon pour un rendez-vous,1
Il prévoit de partir de Bordeaux à Paris demain matin,1
Je vais voyager de Nice à Bordeaux en bus,1
Je vais faire du shopping au centre commercial à Lille,0
Elle veut regarder un film au cinéma à Marseille,0
Nous allons préparer un repas pour la famille à Rennes,0
Il va jouer au foot avec des amis à Lyon,0
Je vais lire un livre dans le parc à Toulouse,0
Elle prévoit de cuisiner un gâteau à la maison à Paris,0
Nous allons passer la journée au centre commercial à Bordeaux,0
Il veut organiser une fête dans le jardin à Nice,0
Je vais passer la journée à la plage à Marseille,0
Elle va décorer son appartement à Lille,0
Nous allons faire du sport au parc à Rennes,0
Il prévoit de bricoler dans le garage à Paris,0
Je vais faire une sieste dans le jardin à Lyon,0
Elle va acheter des vêtements au centre commercial à Bordeaux,0
Nous allons regarder un film à la maison à Toulouse,0
Il veut passer du temps au parc avec des amis à Nice,0
Je vais préparer un dîner pour mes amis à Marseille,0
Elle prévoit de passer la soirée au cinéma à Lille,0
Nous allons organiser une fête à la maison à Rennes,0
Il prévoit de faire du sport avec des amis à Paris,0
Je vais passer l'après-midi à jardiner à Lyon,0
Elle va faire les courses au supermarché à Bordeaux,0
Nous allons préparer un repas en famille à Toulouse,0
Il prévoit de lire un livre dans le parc à Nice,0
Je vais regarder la télévision à la maison à Marseille,0
Elle veut faire une promenade dans le parc à Lille,0
Nous allons cuisiner un gâteau pour l'anniversaire à Rennes,0
Il prévoit de passer la soirée à la maison à Paris,0
Je vais faire du vélo dans le parc à Lyon,0
Elle va préparer un repas pour ses amis à Bordeaux,0
Nous allons passer la journée au centre commercial à Toulouse,0
Il veut passer la soirée à regarder un film à Nice,0
Je vais organiser un barbecue dans le jardin à Marseille,0
Elle prévoit de faire une promenade au parc à Lille,0
Nous allons faire du yoga dans le parc à Rennes,0
Il prévoit de bricoler dans le garage à Paris,0
Je vais passer la journée à me détendre à Lyon,0
Elle va organiser une fête à la maison à Bordeaux,0
Nous allons regarder un film en famille à Toulouse,0
Il veut lire un livre au bord du lac à Nice,0
Je vais faire une promenade dans le parc avec des amis à Marseille,0
Elle prévoit de faire du shopping au centre commercial à Lille,0
Nous allons préparer un barbecue dans le jardin à Rennes,0
Il prévoit de regarder un match de foot à la télévision à Paris,0
Je vais passer la journée à la plage à Lyon,0
Elle veut organiser une sortie entre amis à Bordeaux,0
Nous allons faire du vélo dans le parc à Toulouse,0
Il prévoit de faire du sport avec des amis à Nice,0
Je vais me détendre dans le jardin à Marseille,0
Elle va regarder un film à la maison à Lille,0
Nous allons passer l'après-midi au parc à Rennes,0
Il prévoit de faire une promenade dans le parc à Paris,0
Je vais lire un livre à la plage à Lyon,0
Elle veut passer la soirée au cinéma à Bordeaux,0
Nous allons organiser une fête dans le jardin à Toulouse,0
Il prévoit de passer la journée à me détendre à Nice,0
Je vais regarder un match de foot à la maison à Marseille,0
Elle va faire une promenade dans le parc à Lille,0
Nous allons cuisiner un gâteau pour un anniversaire à Rennes,0
Il veut faire du shopping dans le centre-ville à Paris,0
Je vais passer la journée à lire un livre à Lyon,0
Elle prévoit de regarder la télévision à la maison à Bordeaux,0
Nous allons faire une randonnée dans les montagnes près de Toulouse,0
Il prévoit de préparer un repas pour sa famille à Nice,0
Je vais faire du sport dans le parc à Marseille,0
Elle va passer la soirée à regarder un film à Lille,0
Nous allons organiser une fête entre amis à Rennes,0
Il prévoit de passer la journée à jardiner à Paris,0
Je vais passer l'après-midi à la plage à Lyon,0
Elle veut faire du vélo dans le parc à Bordeaux,0
Nous allons cuisiner ensemble à la maison à Toulouse,0
Il prévoit de passer la soirée à regarder la télévision à Nice,0
Je vais organiser une sortie en famille à Marseille,0
Elle va faire du shopping avec des amis à Lille,0
Nous allons préparer un repas en famille à Rennes,0
Il prévoit de passer la journée à la plage à Paris,0
Je vais me détendre dans le jardin à Lyon,0
Elle prévoit de lire un livre à la plage à Bordeaux,0
Nous allons faire du sport dans le parc à Toulouse,0
Il prévoit de bricoler dans le garage à Nice,0
Je vais regarder un film à la maison à Marseille,0
Elle veut organiser une fête à la maison à Lille,0
Nous allons passer la journée à la plage à Rennes,0
Il prévoit de faire une promenade dans le parc à Paris,0
Je vais lire un livre au bord du lac à Lyon,0
Elle veut passer la soirée au cinéma à Bordeaux,0
Nous allons organiser une fête dans le jardin à Toulouse,0
Il prévoit de passer la journée à me détendre à Nice,0
Je vais regarder un match de foot à la maison à Marseille,0
Elle va faire une promenade dans le parc à Lille,0
Nous allons cuisiner un gâteau pour un anniversaire à Rennes,0
Je veux aller de Paris à Nice,1
Il prévoit de partir de Lyon à Toulouse demain,1
Nous réservons un billet pour un trajet de Bordeaux à Nantes,1
Elle va prendre le train de Strasbourg à Lille,1
Il part de Montpellier pour aller à Lyon,1
Elle cherche un vol de Paris à Nice,1
Il prend l'avion pour un trajet entre Lyon et Marseille,1
Nous prévoyons de partir de Toulouse pour visiter Bordeaux,1
Je cherche un itinéraire en train de Nantes à Rennes,1
Nous devons partir demain matin de Marseille à Strasbourg,1
Je dois rejoindre mes amis de Bordeaux à Paris,1
Il a prévu de voyager de Lille à Toulouse,1
Elle se rendra de Strasbourg à Lille en train,1
Nous allons en voiture de Toulouse à Montpellier,1
Il cherche un vol de Bordeaux à Paris,1
Elle a prévu un trajet de Marseille à Nantes,1
Ils prennent un train de Rennes à Lyon ce soir,1
Je vais réserver un billet pour un vol de Marseille à Paris demain matin,1
Nous partons en train de Bordeaux à Toulouse la semaine prochaine,1
Elle a pris un bus de Rennes à Nice hier soir,1
Il prévoit de voyager de Lyon à Marseille pour un rendez-vous,1
Je vais partir de Lille à Toulouse en avion ce soir,1
Nous avons réservé un vol de Nice à Lyon pour les vacances,1
Elle cherche un itinéraire de Paris à Bordeaux pour demain,1
Il va prendre un vol de Marseille à Nantes,1
Je vais partir de Rennes à Lyon pour une conférence,1
Nous allons voyager en train de Bordeaux à Lille pour le travail,1
Elle va partir de Lyon à Paris ce soir en train,1
Je vais prendre un bus de Toulouse à Marseille demain,1
Nous avons un billet de train de Nice à Paris,1
Il prévoit de partir en avion de Rennes à Bordeaux demain,1
Elle va voyager de Lille à Marseille pour une réunion,1
Je vais réserver un billet de train de Paris à Lyon,1
Nous allons partir de Toulouse à Rennes demain matin,1
Elle cherche un billet pour un vol de Nice à Marseille,1
Il prévoit de prendre un bus de Bordeaux à Paris,1
Je vais partir de Lille à Nice pour les vacances,1
Elle va voyager de Marseille à Lyon pour une réunion,1
Nous allons prendre un avion de Rennes à Paris demain,1
Il part de Lille à Bordeaux ce soir,1
Je vais voyager en train de Nice à Lyon pour une réunion,1
Elle va prendre un bus de Toulouse à Paris demain,1
Nous avons prévu de partir de Rennes à Marseille ce week-end,1
Il cherche un billet pour un vol de Lyon à Bordeaux,1
Je vais prendre un avion de Paris à Marseille pour une conférence,1
Elle prévoit de partir de Lille à Toulouse demain matin,1
Nous avons réservé un vol de Bordeaux à Nice pour les vacances,1
Il va prendre un train de Rennes à Lyon demain soir,1
Je vais partir en avion de Paris à Lille demain,1
Elle prévoit de voyager en bus de Marseille à Bordeaux,1
Nous allons prendre un vol de Toulouse à Paris pour un événement,1
Il part demain matin de Lyon à Marseille,1
Je vais prendre un bus de Nice à Toulouse pour un mariage,1
Elle va voyager de Lille à Bordeaux pour une conférence,1
Nous avons prévu de partir en train de Rennes à Paris,1
Il cherche un billet pour un vol de Marseille à Toulouse,1
Je vais réserver un billet de bus de Nice à Paris,1
Elle prévoit de voyager de Lyon à Bordeaux pour le travail,1
Nous allons partir de Toulouse à Nice pour un rendez-vous,1
Il va prendre un train de Paris à Marseille demain matin,1
Je vais voyager de Lille à Bordeaux ce soir,1
Elle va partir de Rennes à Lyon en avion,1
Nous allons voyager de Toulouse à Paris pour les vacances,1
Il prévoit de prendre un vol de Marseille à Nice demain matin,1
Je vais prendre un bus de Lille à Toulouse ce week-end,1
Elle cherche un billet pour un vol de Lyon à Marseille,1
Nous avons prévu de voyager de Paris à Rennes en train,1
Il va partir de Nice à Bordeaux pour un rendez-vous,1
Je vais prendre un vol de Toulouse à Lyon demain,1
Elle va voyager de Lille à Marseille pour une réunion,1
Nous avons réservé un billet de train de Paris à Nice pour demain,1
Il prévoit de partir en bus de Rennes à Bordeaux ce soir,1
Je vais partir de Lille à Lyon pour une conférence,1
Elle va prendre un vol de Marseille à Toulouse demain matin,1
Nous allons voyager de Nice à Paris en bus pour une réunion,1
Il part demain matin de Lyon à Toulouse,1
Je vais prendre un avion de Rennes à Marseille demain,1
Elle cherche un billet pour un vol de Lille à Bordeaux,1
Nous allons partir de Paris à Lyon pour un rendez-vous,1
Il va voyager de Toulouse à Marseille pour une conférence,1
Je vais prendre un bus de Lyon à Nice demain,1
Elle va partir de Rennes à Paris pour une réunion,1
Nous avons réservé un billet de train de Lille à Marseille pour ce week-end,1
Il prévoit de voyager de Paris à Nice pour une réunion,1
Je vais partir de Toulouse à Lyon pour une réunion,1
Elle cherche un itinéraire de Bordeaux à Marseille,1
Nous allons voyager de Lille à Paris en avion,1
Il part ce soir de Lyon à Bordeaux,1
Je vais prendre un vol de Rennes à Nice pour une conférence,1
Elle va partir de Marseille à Toulouse demain matin,1
Nous avons prévu de partir en train de Paris à Lyon,1
Il cherche un billet pour un vol de Nice à Lyon demain matin,1
Je vais prendre un bus de Toulouse à Marseille ce week-end,1
Elle prévoit de partir de Rennes à Lille pour une conférence,1
Nous allons voyager de Bordeaux à Paris pour un événement,1
Il part demain de Lyon à Nice en avion,1
Je vais prendre un train de Toulouse à Marseille ce soir,1
Elle va voyager de Lille à Bordeaux pour un mariage,1
Nous avons réservé un billet de vol de Nice à Paris,1
Il cherche un billet pour un vol de Marseille à Lyon demain,1
Je vais partir de Lille à Bordeaux pour une réunion,1
Elle prévoit de voyager de Paris à Toulouse demain matin,1
Nous allons partir de Rennes à Lyon en avion ce soir,1
Il prévoit de prendre un vol de Nice à Bordeaux ce week-end,1
Je vais réserver un billet de train de Paris à Marseille,1
Elle va prendre un bus de Toulouse à Nice demain matin,1
Nous allons voyager de Lille à Paris pour les vacances,1
Il cherche un billet pour un vol de Lyon à Marseille,1
Je vais partir de Rennes à Toulouse pour une conférence,1
Elle prévoit de voyager de Marseille à Bordeaux pour un mariage,1
Nous allons partir de Nice à Lyon pour un rendez-vous,1
Il va prendre un bus de Paris à Bordeaux ce soir,1
Je vais prendre un avion de Lille à Marseille demain matin,1
Elle va partir de Rennes à Nice pour une conférence,1
Je vais cuisiner un repas à la maison à Bordeaux,0
Nous allons faire une promenade dans le parc à Toulouse,0
Elle veut passer la journée à la plage à Nice,0
Il prévoit de réparer sa voiture dans le garage à Lyon,0
Je vais faire du shopping au centre commercial à Marseille,0
Nous allons organiser une fête à la maison à Lille,0
Elle prévoit de regarder un film à la maison à Paris,0
Il veut passer l'après-midi à lire un livre dans le parc à Rennes,0
Je vais faire une sieste dans le jardin à Bordeaux,0
Elle va passer la soirée à cuisiner un repas à Marseille,0
Nous allons jardiner dans le jardin à Toulouse,0
Il prévoit de regarder la télévision à la maison à Nice,0
Je vais me détendre au bord de la piscine à Lyon,0
Elle veut faire du vélo dans le parc à Rennes,0
Nous allons passer la journée au centre commercial à Lille,0
Il prévoit de faire du sport au parc à Paris,0
Je vais préparer un gâteau pour une fête à Marseille,0
Elle va regarder un film au cinéma à Bordeaux,0
Nous allons passer la soirée à regarder un match de foot à Toulouse,0
Il prévoit de jardiner dans le jardin à Nice,0
Je vais faire du yoga dans le parc à Rennes,0
Elle veut organiser une fête dans le jardin à Lille,0
Nous allons passer la journée à la plage à Lyon,0
Il prévoit de passer l'après-midi à faire du shopping à Paris,0
Je vais lire un livre dans le parc à Toulouse,0
Elle va cuisiner un repas pour sa famille à Marseille,0
Nous allons passer la soirée à la maison à Nice,0
Il prévoit de faire une promenade dans le parc à Lille,0
Je vais regarder un film à la maison à Lyon,0
Elle va préparer un dîner pour ses amis à Paris,0
Nous allons faire du sport dans le parc à Rennes,0
Il prévoit de passer la journée à se détendre dans le jardin à Bordeaux,0
Je vais faire une promenade dans le parc avec des amis à Marseille,0
Elle veut passer la soirée à regarder un film à Toulouse,0
Nous allons organiser un barbecue dans le jardin à Nice,0
Il prévoit de faire du shopping au centre commercial à Lyon,0
Je vais préparer un gâteau pour un anniversaire à Rennes,0
Elle va regarder un match de foot à la télévision à Paris,0
Nous allons faire du vélo dans le parc à Lille,0
Il prévoit de passer la journée à la plage à Nice,0
Je vais lire un livre au bord de la piscine à Marseille,0
Elle veut organiser une sortie entre amis au parc à Bordeaux,0
Nous allons passer l'après-midi au cinéma à Toulouse,0
Il prévoit de cuisiner un repas pour sa famille à Rennes,0
Je vais me détendre dans le jardin à Lyon,0
Elle va préparer un barbecue pour ses amis à Lille,0
Nous allons faire une promenade dans le parc à Paris,0
Il prévoit de passer la journée à jardiner à Nice,0
Je vais regarder la télévision à la maison à Marseille,0
Elle veut faire du vélo dans le parc avec des amis à Toulouse,0
Nous allons préparer un repas en famille à Bordeaux,0
Il prévoit de passer la soirée à regarder un film à Lyon,0
Je vais organiser une fête dans le jardin à Lille,0
Elle va faire du shopping au centre commercial à Rennes,0
Nous allons passer la journée à la plage à Nice,0
Il prévoit de cuisiner un repas à la maison à Paris,0
Je vais réserver un billet pour un vol de Lyon à Rennes demain,1
Nous partons en train de Paris à Nice la semaine prochaine,1
Elle a pris un bus de Lille à Toulouse hier soir,1
Il prévoit de voyager de Bordeaux à Marseille pour un rendez-vous,1
Je vais partir de Strasbourg à Paris en avion ce soir,1
Nous avons réservé un vol de Rennes à Bordeaux pour les vacances,1
Elle cherche un itinéraire de Toulouse à Lyon pour demain,1
Il va prendre un vol de Marseille à Paris,1
Je vais partir de Bordeaux à Lille pour une conférence,1
Nous allons voyager en train de Marseille à Strasbourg pour le travail,1
Elle va partir de Nantes à Paris ce soir en bus,1
Je vais prendre un bus de Lille à Bordeaux demain,1
Nous avons un billet de train de Marseille à Lyon,1
Il prévoit de partir en avion de Toulouse à Rennes demain,1
Elle va voyager de Paris à Strasbourg pour une réunion,1
Je vais réserver un billet de train de Bordeaux à Marseille,1
Nous allons partir de Lille à Nice demain matin,1
Elle cherche un billet pour un vol de Nantes à Lyon,1
Il prévoit de prendre un bus de Toulouse à Lille,1
Je vais partir de Rennes à Strasbourg pour les vacances,1
Elle va voyager de Marseille à Paris pour une réunion,1
Nous allons prendre un avion de Lille à Nice demain,1
Il part de Rennes à Paris ce soir,1
Je vais voyager en train de Bordeaux à Lille pour une réunion,1
Elle va prendre un bus de Lyon à Rennes demain,1
Nous avons prévu de partir de Nantes à Paris ce week-end,1
Il cherche un billet pour un vol de Toulouse à Marseille,1
Je vais prendre un avion de Rennes à Strasbourg pour une conférence,1
Elle prévoit de partir de Lille à Bordeaux demain matin,1
Nous avons réservé un vol de Marseille à Paris pour les vacances,1
Il va prendre un train de Lyon à Marseille demain soir,1
Je vais partir en avion de Bordeaux à Toulouse demain,1
Elle prévoit de voyager en bus de Paris à Marseille,1
Nous allons prendre un vol de Lyon à Rennes pour un événement,1
Il part demain matin de Marseille à Toulouse,1
Je vais prendre un bus de Paris à Lyon pour un mariage,1
Elle va voyager de Nantes à Lille pour une conférence,1
Nous avons prévu de partir en train de Lyon à Marseille,1
Il cherche un billet pour un vol de Rennes à Bordeaux,1
Je vais réserver un billet de bus de Paris à Marseille,1
Elle prévoit de voyager de Lille à Rennes pour le travail,1
Nous allons partir de Toulouse à Lyon pour un rendez-vous,1
Il va prendre un train de Paris à Lille demain matin,1
Je vais voyager de Nantes à Marseille ce soir,1
Elle va partir de Bordeaux à Rennes en avion,1
Nous allons voyager de Paris à Toulouse pour les vacances,1
Il prévoit de prendre un vol de Bordeaux à Nice demain matin,1
Je vais prendre un bus de Rennes à Paris ce week-end,1
Elle cherche un billet pour un vol de Nantes à Lille,1
Nous avons prévu de voyager de Bordeaux à Marseille en train,1
Il va partir de Lyon à Nice pour un rendez-vous,1
Je vais prendre un vol de Lille à Toulouse demain,1
Elle va voyager de Rennes à Marseille pour une réunion,1
Nous avons réservé un billet de train de Paris à Lille pour demain,1
Il prévoit de partir en bus de Lyon à Bordeaux ce soir,1
Je vais partir de Nantes à Toulouse pour une conférence,1
Elle va prendre un vol de Marseille à Lille demain matin,1
Nous allons voyager de Bordeaux à Paris en bus pour une réunion,1
Il part demain matin de Rennes à Lyon,1
Je vais prendre un avion de Lille à Rennes demain,1
Elle cherche un billet pour un vol de Bordeaux à Marseille,1
Nous allons partir de Lyon à Paris pour un rendez-vous,1
Il va voyager de Lille à Toulouse pour une conférence,1
Je vais prendre un bus de Bordeaux à Lyon demain,1
Elle va partir de Rennes à Lille pour une réunion,1
Nous avons réservé un billet de train de Lyon à Paris pour ce week-end,1
Il prévoit de voyager de Bordeaux à Marseille pour une réunion,1
Je vais partir de Paris à Lille pour une réunion,1
Elle cherche un itinéraire de Lyon à Marseille,1
Nous allons voyager de Rennes à Lille en avion,1
Il part ce soir de Toulouse à Bordeaux,1
Je vais prendre un vol de Lyon à Nice pour une conférence,1
Elle va partir de Rennes à Bordeaux demain matin,1
Nous avons prévu de partir en train de Paris à Toulouse,1
Il cherche un billet pour un vol de Nice à Marseille demain matin,1
Je vais prendre un bus de Bordeaux à Lyon ce week-end,1
Elle prévoit de partir de Rennes à Paris pour une conférence,1
Nous allons voyager de Marseille à Paris pour un événement,1
Il part demain de Lyon à Lille en avion,1
Je vais prendre un train de Bordeaux à Paris ce soir,1
Elle va voyager de Rennes à Marseille pour un mariage,1
Nous avons réservé un billet de vol de Lyon à Lille,1
Il cherche un billet pour un vol de Toulouse à Marseille demain,1
Je vais partir de Nantes à Paris pour une réunion,1
Elle prévoit de voyager de Paris à Lyon demain matin,1
Nous allons partir de Rennes à Lille en avion ce soir,1
Il prévoit de prendre un vol de Bordeaux à Marseille ce week-end,1
Je vais réserver un billet de train de Paris à Nice,1
Elle va prendre un bus de Lyon à Toulouse demain matin,1
Nous allons voyager de Bordeaux à Paris pour les vacances,1
Il cherche un billet pour un vol de Nantes à Marseille,1
Je vais partir de Lyon à Toulouse pour une conférence,1
Elle prévoit de voyager de Lille à Bordeaux pour un mariage,1
Nous allons partir de Lyon à Nice pour un rendez-vous,1
Il va prendre un bus de Bordeaux à Toulouse ce soir,1
Je vais prendre un avion de Nantes à Lille demain matin,1
Elle va partir de Rennes à Nice pour une conférence,1
Je vais nettoyer la cuisine à la maison à Lyon,0
Nous allons jardiner dans le jardin à Toulouse,0
Elle veut faire du shopping au centre commercial à Nice,0
Il prévoit de passer la journée à la plage à Marseille,0
Je vais regarder un film à la maison à Paris,0
Nous allons passer la journée au parc à Bordeaux,0
Elle prévoit de faire du vélo dans le parc à Lille,0
Il veut passer l'après-midi à lire un livre dans le jardin à Rennes,0
Je vais cuisiner un repas dans la cuisine à Toulouse,0
Elle va organiser une fête chez elle à Nice,0
Nous allons passer la soirée à regarder un film à la maison à Lyon,0
Il prévoit de faire du sport au centre sportif à Lille,0
Je vais jardiner dans le jardin à Paris,0
Elle veut préparer un gâteau pour un anniversaire à Rennes,0
Nous allons organiser une soirée cinéma à la maison à Marseille,0
Il prévoit de regarder un match de foot à la télévision à Bordeaux,0
Je vais lire un livre au bord de la piscine à Lyon,0
Elle va cuisiner un repas pour ses amis à Paris,0
Nous allons faire une promenade dans le parc à Toulouse,0
Il prévoit de passer l'après-midi à la plage à Nice,0
Je vais préparer un dîner en famille à Lille,0
Elle veut passer la soirée à regarder un film à Marseille,0
Nous allons passer la journée au cinéma à Rennes,0
Il prévoit de jardiner dans le jardin à Bordeaux,0
Je vais faire du vélo dans le parc avec des amis à Lyon,0
Elle va organiser une soirée entre amis à la maison à Paris,0
Nous allons passer la soirée à regarder un match de foot à Lille,0
Il prévoit de passer la journée à lire un livre dans le jardin à Toulouse,0
Je vais préparer un gâteau pour un anniversaire à Rennes,0
Elle va cuisiner un repas pour sa famille à Nice,0
Nous allons passer la soirée à la maison à Marseille,0
Il prévoit de faire une promenade dans le parc à Bordeaux,0
Je vais lire un livre dans le jardin à Lyon,0
Elle veut préparer un repas en famille à Toulouse,0
Nous allons organiser un barbecue dans le jardin à Paris,0
Il prévoit de faire du vélo dans le parc à Lille,0
Je vais regarder un film à la maison avec des amis à Rennes,0
Elle va jardiner dans le jardin à Nice,0
Nous allons passer la journée à la plage à Marseille,0
Il prévoit de préparer un dîner en famille à Bordeaux,0
Je vais organiser une soirée cinéma à la maison à Lyon,0
Elle veut passer l'après-midi à la piscine à Paris,0
Nous allons faire une promenade au parc avec des amis à Toulouse,0
Il prévoit de passer la journée à la maison à Rennes,0
Je vais préparer un repas en famille à Lille,0
Elle va regarder un match de foot à la télévision à Nice,0
Nous allons faire du shopping au centre commercial à Marseille,0
Il prévoit de jardiner dans le jardin à Paris,0
Je vais faire du vélo dans le parc à Bordeaux,0
Elle veut organiser une fête dans le jardin à Lyon,0
Nous allons passer la journée au centre commercial à Toulouse,0
Il prévoit de faire du sport au centre sportif à Rennes,0
Je vais passer la journée à lire un livre à Lille,0
Elle va organiser un barbecue dans le jardin à Nice,0
Nous allons passer la journée au parc à Marseille,0
Il prévoit de faire du shopping au centre commercial à Paris,0
Je vais regarder un film à la maison à Bordeaux,0
Elle veut jardiner dans le jardin à Lyon,0
Nous allons faire du vélo dans le parc à Lille,0
Il prévoit de passer la soirée à regarder un match de foot à Toulouse,0
Nous allons partir de Paris pour aller à Bordeaux en bus demain,1
Elle cherche un billet pour partir de Nice à Toulouse la semaine prochaine,1
Je vais prendre un train de Lille à Marseille demain matin,1
Ils réservent un vol de Lyon à Nantes pour les vacances,1
Il partira de Bordeaux à Strasbourg demain en avion,1
Nous prévoyons de voyager de Rennes à Lyon ce week-end,1
Je vais réserver un bus de Toulouse à Bordeaux ce soir,1
Elle cherche un vol de Paris à Marseille pour la semaine prochaine,1
Ils ont pris un billet de train de Lille à Lyon pour partir en vacances,1
Je vais prendre un bus de Nantes à Strasbourg demain matin,1
Nous partons de Bordeaux à Paris pour une réunion,1
Elle prévoit de prendre un vol de Nice à Lyon ce soir,1
Il va voyager de Toulouse à Bordeaux pour une conférence,1
Nous avons réservé un vol de Marseille à Paris pour demain matin,1
Je pars de Paris à Bordeaux demain matin en train,1
Elle va prendre un avion de Lyon à Nantes pour le travail,1
Ils partent en bus de Lille à Bordeaux demain matin,1
Nous allons voyager de Toulouse à Nice pour un mariage,1
Il va réserver un billet de train de Paris à Marseille ce week-end,1
Je vais prendre un bus de Rennes à Lyon demain matin,1
Nous allons partir de Lyon à Paris pour les vacances,1
Elle va prendre un vol de Lille à Marseille ce soir,1
Il prévoit de voyager de Nice à Bordeaux pour une conférence,1
Nous partons en bus de Nantes à Lille pour le travail,1
Je vais prendre un train de Rennes à Toulouse pour un événement,1
Elle cherche un billet pour un avion de Bordeaux à Paris demain,1
Il prévoit de partir en bus de Marseille à Lyon pour un rendez-vous,1
Nous avons prévu de voyager de Nice à Lille pour un mariage,1
Je vais réserver un vol de Paris à Rennes ce soir,1
Elle prévoit de partir de Toulouse à Bordeaux pour une réunion,1
Il cherche un billet pour un bus de Lyon à Paris demain,1
Nous allons partir de Lille à Marseille pour une réunion,1
Elle va prendre un vol de Bordeaux à Toulouse ce week-end,1
Je pars de Nantes à Strasbourg en train pour une conférence,1
Il prévoit de voyager de Marseille à Lille pour un rendez-vous,1
Nous avons réservé un billet de bus de Bordeaux à Rennes demain,1
Je vais prendre un vol de Lyon à Paris pour les vacances,1
Elle va voyager de Toulouse à Nice pour un mariage,1
Ils cherchent un itinéraire de Marseille à Bordeaux pour le travail,1
Nous allons partir de Rennes à Paris demain matin en train,1
Je vais réserver un bus de Lille à Nice pour partir en vacances,1
Elle prévoit de prendre un vol de Nantes à Lyon pour une conférence,1
Il partira demain de Paris à Bordeaux en avion,1
Nous avons prévu de partir en bus de Lille à Marseille ce soir,1
Je vais prendre un vol de Rennes à Toulouse demain matin,1
Ils vont voyager de Lyon à Nice pour un événement,1
Elle va réserver un billet de train de Bordeaux à Paris ce week-end,1
Il prévoit de partir en bus de Toulouse à Lille pour une réunion,1
Nous allons voyager de Paris à Marseille pour les vacances,1
Je vais partir de Nantes à Lyon pour une réunion,1
Elle cherche un billet pour un vol de Bordeaux à Toulouse demain,1
Nous allons partir en train de Nice à Paris demain matin,1
Je vais prendre un bus de Marseille à Rennes pour une réunion,1
Elle prévoit de voyager de Lyon à Bordeaux pour une conférence,1
Ils vont partir de Toulouse à Nice pour le travail,1
Je vais réserver un vol de Paris à Lille pour un rendez-vous,1
Elle va prendre un train de Nantes à Rennes demain soir,1
Nous allons voyager en bus de Bordeaux à Marseille pour un mariage,1
Il part demain matin de Paris à Nice en avion,1
Je vais prendre un train de Lille à Bordeaux pour le travail,1
Nous avons prévu de partir de Toulouse à Lyon ce week-end,1
Ils vont prendre un bus de Rennes à Paris demain matin,1
Elle prévoit de voyager en avion de Marseille à Lille pour un rendez-vous,1
Nous allons partir de Bordeaux à Strasbourg demain matin,1
Il cherche un billet pour un vol de Lyon à Nice pour les vacances,1
Je vais partir de Paris à Toulouse en bus demain,1
Elle va prendre un avion de Lille à Bordeaux pour une conférence,1
Nous allons voyager de Marseille à Lyon pour un événement,1
Il va réserver un billet de train de Rennes à Nice pour demain,1
Je pars de Nantes à Paris pour une réunion demain,1
Elle prévoit de partir en bus de Lyon à Toulouse demain matin,1
Ils vont voyager de Bordeaux à Marseille pour un mariage,1
Je vais prendre un vol de Paris à Strasbourg demain soir,1
Nous avons prévu de partir de Nice à Lille pour le travail,1
Elle va chercher un billet pour un avion de Toulouse à Rennes demain,1
Il prévoit de voyager en bus de Lyon à Paris ce week-end,1
Nous allons partir de Nantes à Bordeaux en train pour une conférence,1
Je vais réserver un billet de bus de Marseille à Toulouse pour les vacances,1
Elle va prendre un vol de Rennes à Lyon demain matin,1
Ils vont partir de Paris à Marseille pour une réunion,1
Je vais prendre un train de Lille à Toulouse demain soir,1
Nous avons réservé un vol de Lyon à Nice pour partir demain matin,1
Il prévoit de partir en bus de Bordeaux à Marseille ce week-end,1
Je vais voyager en avion de Paris à Lille pour une réunion,1
Elle va prendre un vol de Nantes à Rennes demain,1
Nous allons voyager de Toulouse à Lyon pour un rendez-vous,1
Il partira de Paris à Marseille en bus ce soir,1
Je vais prendre un vol de Lille à Nice demain matin,1
Elle prévoit de voyager de Bordeaux à Paris pour un mariage,1
Ils vont partir en train de Lyon à Rennes pour une conférence,1
Nous allons dîner en famille à la maison à Paris,0
Elle va jardiner dans le jardin à Nice ce week-end,0
Je vais regarder un film à la maison à Marseille,0
Il prévoit de faire du shopping au centre commercial à Bordeaux,0
Nous allons passer la journée au parc à Lille,0
Elle va cuisiner un repas pour ses amis à la maison à Toulouse,0
Je vais passer l'après-midi à la piscine à Rennes,0
Nous avons prévu de faire du vélo dans le parc à Lyon,0
Elle va regarder un match de foot à la télévision à Paris,0
Il prévoit de jardiner dans le jardin à Lille demain,0
Je vais organiser une soirée cinéma à la maison à Marseille,0
Elle veut passer la journée à lire un livre dans le jardin à Bordeaux,0
Nous allons passer la journée au cinéma à Rennes,0
Il prévoit de cuisiner un gâteau pour un anniversaire à Nice,0
Je vais regarder un film à la maison avec des amis à Toulouse,0
Elle va préparer un dîner en famille à Paris,0
Nous allons faire une promenade dans le parc à Lyon demain,0
Il prévoit de passer la soirée à la maison à Lille,0
Je vais cuisiner un repas pour ma famille à la maison à Rennes,0
Elle va jardiner dans le jardin à Marseille demain matin,0
Nous allons passer l'après-midi au parc à Bordeaux,0
Il prévoit de regarder un film à la télévision ce soir à Paris,0
Je vais préparer un gâteau pour un anniversaire à Lyon,0
Elle va organiser une fête chez elle à Lille ce week-end,0
Nous allons faire du vélo dans le parc à Rennes demain,0
Il prévoit de cuisiner un repas pour ses amis à la maison à Nice,0
Je vais regarder un match de foot à la télévision à Marseille,0
Elle va jardiner dans le jardin à Paris demain,0
Nous allons passer la journée à la piscine à Toulouse,0
Il prévoit de passer la soirée à la maison à Lyon,0
Je vais lire un livre au bord de la piscine à Lille,0
Elle va organiser une soirée cinéma à la maison à Bordeaux,0
Nous allons passer la soirée à regarder un film à la maison à Rennes,0
Il prévoit de faire du sport au centre sportif à Paris demain,0
Je vais préparer un repas pour ma famille à la maison à Toulouse,0
Elle va jardiner dans le jardin à Nice ce soir,0
Nous allons faire une promenade dans le parc à Lyon,0
Il prévoit de passer la journée à la plage à Marseille,0
Je vais regarder un film à la maison avec des amis à Bordeaux,0
Elle va cuisiner un repas pour ses amis à la maison à Rennes,0
Nous allons passer la soirée à regarder un match de foot à Lille,0
Il prévoit de passer l'après-midi à lire un livre dans le jardin à Nice,0
Je vais jardiner dans le jardin à Toulouse ce week-end,0
Elle va organiser un barbecue dans le jardin à Paris demain,0
Nous allons passer la journée à la plage à Marseille,0
Il prévoit de cuisiner un repas pour ses amis à la maison à Rennes,0
Je vais préparer un gâteau pour un anniversaire à Bordeaux,0
Elle va passer l'après-midi à la piscine à Lille,0
Nous allons faire du shopping au centre commercial à Lyon,0
Il prévoit de passer la journée à la plage à Nice,0
Je pars demain de Marseille pour un séminaire à Toulouse,1
Nous allons voyager de Nice à Paris pour le travail,1
Elle va prendre un train de Lyon à Strasbourg ce week-end,1
Il a réservé un vol de Bordeaux à Lille pour demain matin,1
Je cherche un itinéraire de Nantes à Marseille,1
Nous partons en bus de Lille à Lyon demain soir,1
Ils réservent un billet de train de Paris à Rennes,1
Elle va voyager de Toulouse à Bordeaux pour une réunion,1
Je pars de Marseille à Lille demain matin,1
Nous allons prendre un vol de Paris à Strasbourg ce week-end,1
Il prévoit de partir de Lyon à Bordeaux en avion,1
Elle cherche un itinéraire de Nice à Lille pour un événement,1
Nous prévoyons de voyager de Paris à Marseille,1
Je vais prendre un train de Toulouse à Nantes ce week-end,1
Ils partent demain de Bordeaux à Lyon pour un mariage,1
Elle va réserver un billet de bus de Nice à Rennes,1
Je vais voyager de Marseille à Strasbourg en train,1
Nous allons partir de Paris à Lille demain matin,1
Il va prendre un bus de Toulouse à Bordeaux pour une conférence,1
Elle prévoit de voyager de Lyon à Nice pour une réunion,1
Nous partons demain de Nantes à Paris pour un rendez-vous,1
Je prends un train de Marseille à Lyon pour un événement,1
Ils vont réserver un vol de Bordeaux à Nice ce soir,1
Elle va prendre un bus de Rennes à Toulouse pour le travail,1
Je pars demain de Paris à Bordeaux pour une réunion,1
Nous allons prendre un vol de Nice à Lille pour le mariage,1
Ils cherchent un itinéraire de Lyon à Paris pour une conférence,1
Elle va voyager de Lyon à Nantes pour une réunion,1
Je pars de Paris à Lille demain pour un rendez-vous,1
Nous allons prendre un bus de Bordeaux à Rennes demain matin,1
Nous allons partir demain de Marseille à Lyon pour un rendez-vous,1
Il prévoit de prendre un vol de Rennes à Strasbourg ce week-end,1
Je pars demain matin de Toulouse à Lille pour une conférence,1
Nous allons prendre un bus de Marseille à Rennes demain,1
Elle va réserver un billet de train de Bordeaux à Lyon,1
Ils prévoient de voyager de Lille à Paris pour une réunion,1
Il prévoit de prendre un bus de Paris à Rennes pour une réunion,1
Je vais prendre un vol de Marseille à Lyon demain matin,1
Elle va voyager de Toulouse à Paris pour une réunion demain,1
Je vais cuisiner un gâteau à la maison demain,0
Nous allons faire du shopping au centre commercial,0
Elle va passer la journée à la piscine,0
Il prévoit de jardiner dans le jardin ce week-end,0
Je vais regarder un film à la maison avec des amis,0
Nous allons faire du vélo dans le parc demain,0
Elle va préparer un dîner pour sa famille,0
Je vais passer la soirée à regarder la télévision,0
Ils prévoient de cuisiner un repas pour un anniversaire,0
Je vais passer l'après-midi à la piscine demain,0
Nous allons faire du shopping au centre commercial cet après-midi,0
Elle partira de Paris pour un séminaire à Lyon,1
Il envisage de se rendre de Marseille à Toulouse pour le week-end,1
Nous voyagerons de Bordeaux à Nantes pour les vacances,1
Ils prennent un train de Lille vers Strasbourg demain matin,1
Elle planifie un trajet de Grenoble à Montpellier,1
Il va faire la route de Rennes à Brest pour voir sa famille,1
Nous passerons par Nice pour nous rendre à Cannes,1
Elle ira de Toulouse à Perpignan pour un mariage,1
Ils partent de Lyon pour des vacances à Marseille,1
Je me rends de Bordeaux à Paris en train,1
Nous allons de Lille à Dunkerque pour un événement,1
Elle a réservé un vol de Marseille à Paris,1
Ils voyageront de Nantes à Rennes en covoiturage,1
On va se rendre de Lyon à Grenoble pour une randonnée,1
Je partirai de Rouen pour un week-end à Lille,1
Ils prennent un bus de Paris à Rouen,1
Elle passera de Toulouse à Bordeaux pour une réunion,1
Il ira de Rennes à Angers pour visiter des amis,1
On a prévu un trajet de Marseille à Toulon pour la journée,1
Je pars de Lyon pour rejoindre ma famille à Clermont-Ferrand,1
Ils vont de Lille à Paris pour une fête,1
Elle prend un train de Nice à Antibes demain,1
Je me rends de Paris à Orléans pour voir des amis,1
Ils ont réservé un trajet de Bordeaux à Bayonne,1
On partira de Marseille pour une soirée à Avignon,1
Elle planifie un séjour de Strasbourg à Metz,1
Je vais de Brest à Quimper pour un rendez-vous,1
Ils prennent un avion de Lyon à Nantes,1
Nous allons de Toulouse à Montpellier pour la journée,1
Elle prévoit un voyage de Paris à Genève,1
Ils iront de Lille à Valenciennes pour une visite,1
Elle compte voyager de Nantes à La Rochelle,1
Il fait la route de Bordeaux à Poitiers,1
Elle part de Rennes pour un concert à Nantes,1
Ils se rendent de Lyon à Saint-Étienne pour un match,1
On passera de Toulouse à Narbonne,1
Elle prend le train de Lille à Calais,1
Ils vont de Paris à Strasbourg pour les vacances,1
Elle fera un saut de Marseille à Aix-en-Provence,1
Nous partirons de Nantes pour une balade à Saint-Nazaire,1
Ils prennent un vol de Lyon à Barcelone,1
Elle compte se rendre de Bordeaux à Bergerac pour le marché,1
Nous voyagerons de Nice à Menton pour la journée,1
Il a prévu un trajet de Lille à Arras,1
Elle va de Rennes à Lorient pour voir de la famille,1
Ils prennent le bus de Rouen à Amiens,1
Nous allons de Marseille à Grenoble pour le ski,1
Elle passera par Nice en allant à Marseille,1
On se dirige de Lyon à Grenoble pour un week-end,1
Ils partent de Paris pour quelques jours à Reims,1
Elle ira de Toulouse à Albi pour une sortie,1
Je vais de Bordeaux à Arcachon pour la journée,1
Nous partirons de Nantes pour voir Saint-Brieuc,1
Ils prennent le train de Lille à Tourcoing,1
Elle partira de Paris pour une réunion à Versailles,1
Ils vont de Lyon à Avignon pour les vacances,1
Elle ira de Toulouse à Agen pour un concert,1
Je vais de Lille à Douai pour rendre visite,1
Ils prennent un vol de Bordeaux à Lyon,1
Nous voyagerons de Rennes à Brest pour la journée,1
Elle ira de Nice à Toulon pour un événement,1
Ils vont de Paris à Amiens pour un mariage,1
Elle prévoit de se rendre de Bordeaux à Limoges,1
Nous passons de Lille à Béthune pour un festival,1
On se rendra de Lyon à Chalon-sur-Saône,1
Ils prennent un train de Nantes à Cholet,1
Elle prévoit un voyage de Toulouse à Tarbes,1
Nous allons de Marseille à Martigues pour la soirée,1
Il voyage de Paris à Bourges pour les affaires,1
Elle prendra un vol de Nice à Paris,1
Ils vont de Rennes à Saint-Malo pour un tour,1
Elle se rendra de Nantes à Angers pour une fête,1
Nous voyagerons de Lille à Dunkerque pour un séminaire,1
On partira de Marseille pour une journée à Cassis,1
Ils prennent un avion de Lyon à Toulouse,1
Elle va de Bordeaux à Saint-Émilion,1
Nous partirons de Strasbourg pour un tour à Colmar,1
Ils se rendent de Rouen à Le Havre,1
Elle fera un trajet de Paris à Dijon,1
Ils prennent un bus de Bordeaux à Pau,1
Nous allons de Rennes à Quimper pour une excursion,1
Elle ira de Nice à Grasse pour la journée,1
Ils partent de Toulouse pour visiter Foix,1
On prend un train de Nantes à La Baule,1
Elle partira de Paris pour une balade à Chartres,1
Ils iront de Lille à Maubeuge,1
Elle se rendra de Lyon à Bourg-en-Bresse,1
Nous allons de Marseille à Arles pour la journée,1
Ils prennent un vol de Bordeaux à Nice,1
Elle part de Rennes pour Vannes,1
Ils vont de Toulouse à Montauban,1
Nous passerons de Paris à Melun,1
Elle partira de Marseille pour Aix-en-Provence,1
Ils prennent un train de Nantes à Saint-Herblain,1
Elle va de Lyon à Mâcon,1
Ils voyagent de Bordeaux à Royan,1
Elle partira de Toulouse à Mont-de-Marsan,1
Ils partent de Rennes à Saint-Brieuc,1
Nous partons de Nantes à Guérande,1
Elle fera le trajet de Lille à Mouscron,1
Ils vont de Nice à Saint-Tropez,1
Elle se dirige de Paris à Créteil,1
Nous voyagerons de Marseille à La Ciotat,1
Ils prennent un vol de Lyon à Madrid,1
Elle ira de Toulouse à Auch,1
Ils vont de Paris à Compiègne,1
Nous partons de Bordeaux à Libourne,1
Elle prévoit de se rendre de Nantes à Saint-Nazaire,1
Ils prennent un bus de Rennes à Fougères,1
On va de Lille à Tourcoing,1
Elle partira de Paris pour Fontainebleau,1
Ils vont de Lyon à Bourgoin-Jallieu,1
Elle ira de Toulouse à Carcassonne,1
Nous partons de Marseille à Avignon,1
Ils prennent le train de Lille à Roubaix,1
Elle ira de Nice à Monaco,1
Nous passons de Bordeaux à Sarlat,1
Ils voyagent de Paris à Auxerre,1
Elle prévoit un trajet de Toulouse à Cahors,1
Ils vont de Nantes à Châteaubriant,1
On passe par Paris pour aller à Meaux,1
Elle se rend de Lyon à Villeurbanne,1
Nous partirons de Rennes pour Dinard,1
Ils prennent le train de Nice à Sanremo,1
Elle ira de Toulouse à Mazamet,1
Nous irons de Nantes à Ancenis,1
Ils voyageront de Lyon à Vienne,1
Elle prévoit un trajet de Marseille à Salon-de-Provence,1
On passera par Paris en allant à Montreuil,1
Ils vont de Toulouse à Pamiers,1
Elle partira de Lille pour Mouscron,1
Nous passerons de Bordeaux à Périgueux,1
Ils iront de Paris à Laon,1
Elle prévoit de se rendre de Nice à Antibes,1
Nous voyagerons de Toulouse à Lavaur,1
Ils passent de Lyon à Givors,1
Elle ira de Nantes à Pornic,1
Nous allons de Paris à Étampes,1
Ils feront un détour par Rouen en allant à Dieppe,1
Elle partira de Rennes pour Dinan,1
Ils passent par Paris pour aller à Orly,1
Elle prévoit de faire un trajet de Bordeaux à Marmande,1
Nous irons de Nice à Beaulieu-sur-Mer,1
Ils voyageront de Toulouse à Lourdes,1
Elle se rend de Nantes à Segré,1
Nous passons de Lyon à Villefranche-sur-Saône,1
Ils vont de Marseille à Bandol,1
Elle prévoit de voyager de Paris à Beauvais,1
On partira de Rennes pour Saint-Lunaire,1
Ils prennent un avion de Bordeaux à Rome,1
Elle prévoit de faire un saut de Nice à Eze,1
"Je travaille à Nantes, mais je pense rentrer à Bordeaux ce week-end",1
"En visite à Paris, j’ai hâte de revenir à Lyon demain",1
"Je suis chez des amis à Marseille et rentre à Toulouse demain",1
"Actuellement à Montpellier pour le boulot, je repars à Avignon ce soir",1
"Je passe quelques jours à Lille, puis je retourne à Rouen dimanche",1
"En déplacement à Lyon, j’envisage de rentrer sur Grenoble",1
"Je fais un saut à Bordeaux et je repars pour Toulouse ensuite",1
"Je suis à Nice en ce moment, je rentrerai à Marseille demain",1
"Je me trouve à Rennes, mais je compte retourner à Brest demain",1
"Actuellement à Amiens, je devrais être de retour à Paris demain",1
"J’ai des affaires à Bordeaux, mais je rentrerai sur Pau ensuite",1
"En voyage à Marseille, je retourne à Nîmes ce soir",1
"Je visite Nantes, mais je rentre à Angers ce soir",1
"Je reste à Toulon pour le moment, mais je reprends la route pour Nice demain",1
"À Lille pour le travail, je pense rentrer sur Arras ensuite",1
"Je passe quelques jours à Tours, puis retour à Blois après-demain",1
"Je suis à Avignon, mais je prévois de rentrer sur Aix-en-Provence",1
"Actuellement en vacances à Perpignan, je reviens à Narbonne demain",1
"En visite à Paris, je rentre sur Le Mans demain",1
"Je reste à Lyon pour l’instant, mais je repars pour Grenoble bientôt",1
"En déplacement à Rouen, retour prévu à Caen ce soir",1
"Je suis à La Rochelle, je rentre à Niort demain",1
"En visite à Nice, je repars pour Menton dans deux jours",1
"À Dijon pour une réunion, retour prévu à Lyon ce soir",1
"Je suis en voyage à Nantes, je rentre à Saint-Nazaire demain",1
"Je travaille à Marseille, mais je retourne à Toulon ce soir",1
"Je passe quelques jours à Paris, je rentre à Orléans ensuite",1
"Actuellement à Toulouse, je prévois de revenir à Albi demain",1
"Je suis à Rennes, mais je repars pour Saint-Malo bientôt",1
"Je reste à Strasbourg pour l’instant, puis retour prévu à Colmar",1
"Je suis en visite à Montpellier, je rentre sur Sète ce soir",1
"En déplacement à Lille, retour à Dunkerque demain",1
"Je passe la semaine à Bordeaux, retour prévu à Agen",1
"En voyage à Lyon, je prévois de rentrer sur Villeurbanne",1
"Je suis à Nîmes pour une réunion, retour à Avignon demain",1
"Je passe quelques jours à Marseille et je repars pour Arles",1
"Actuellement à Amiens, je rentre sur Beauvais demain",1
"En visite à Nantes, retour à Saint-Brieuc ce soir",1
"Je suis à Dijon pour le moment, mais je rentre à Mâcon demain",1
"Actuellement en déplacement à Bordeaux, retour à Arcachon ensuite",1
"Je suis en vacances à Toulon, retour prévu à Marseille ce week-end",1
"Je passe quelques jours à Metz, je rentre sur Nancy après-demain",1
"Je suis à Brest pour le moment, retour prévu à Morlaix ce soir",1
"Je reste à Tours pour le moment, retour à Saumur demain",1
"En déplacement à Perpignan, retour sur Carcassonne demain",1
"Je suis à Limoges pour une formation, retour à Brive demain",1
"En visite à Grenoble, je repars pour Chambéry après-demain",1
"Je passe quelques jours à Mulhouse, retour prévu à Colmar ensuite",1
"Je suis en déplacement à Caen, retour à Cherbourg demain",1
"En vacances à La Rochelle, retour prévu à Rochefort demain",1
"Je passe un moment à Bayonne, retour prévu à Pau",1
"Je reste à Dijon pour l’instant, je rentre sur Chalon-sur-Saône",1
"En visite à Besançon, retour prévu à Dole demain",1
"Je suis à Saint-Étienne pour le travail, retour à Lyon demain",1
"Je suis en déplacement à Nancy, retour prévu à Metz ensuite",1
"Je reste à Lorient pour l’instant, retour prévu à Vannes ce soir",1
"En visite à Poitiers, je rentre sur Niort demain",1
"Je passe la journée à Clermont-Ferrand, retour prévu à Moulins",1
"Je suis en vacances à Aix-en-Provence, retour à Marseille bientôt",1
"En déplacement à Chartres, je rentre sur Dreux ce soir",1
"Je passe quelques jours à Pau, retour prévu à Tarbes",1
"Actuellement à Reims pour un événement, je rentre à Châlons demain",1
"Je suis en vacances à Albi, retour prévu à Castres ce week-end",1
"Je reste à Troyes pour l’instant, retour prévu à Sens demain",1
"En visite à Cannes, je rentre sur Nice ce soir",1
"Je suis en déplacement à Évreux, retour prévu à Rouen demain",1
"Actuellement en vacances à Saint-Malo, retour à Rennes demain",1
"Je suis en visite à Chambéry, retour prévu à Albertville",1
"Je passe la semaine à Roubaix, retour prévu à Tourcoing",1
"Actuellement à Mont-de-Marsan, je rentre sur Dax",1
"Je suis à Angers pour quelques jours, retour prévu à Saumur",1
"En visite à Orléans, je rentre sur Blois",1
"Je reste à Charleville-Mézières pour le moment, retour prévu à Sedan",1
"En déplacement à Bourges, retour prévu à Vierzon",1
"Actuellement à Foix, retour prévu à Pamiers ce soir",1
"Je passe quelques jours à Perpignan, retour prévu à Carcassonne",1
"En vacances à Calais, retour prévu à Boulogne-sur-Mer",1
"Je suis à Nevers pour le travail, retour à Moulins ce soir",1
"Je passe quelques jours à Sens, retour prévu à Auxerre",1
"Je suis à Laval pour une réunion, retour à Fougères",1
"En visite à Meaux, je rentre sur Melun",1
"Je suis à La Roche-sur-Yon, retour prévu à Les Sables-d’Olonne",1
"Je reste à Saint-Lô pour l’instant, retour à Coutances demain",1
"Actuellement à Guéret, retour prévu à La Souterraine",1
"Je suis en vacances à Ajaccio, retour prévu à Bastia",1
"En visite à Dinan, je rentre sur Saint-Malo",1
"Je suis en déplacement à Dreux, retour prévu à Chartres",1
"Je passe quelques jours à Thonon-les-Bains, retour prévu à Annemasse",1
"En visite à Mayenne, retour prévu à Laval",1
"Je reste à Châteauroux pour le moment, retour à Issoudun demain",1
"Je suis en vacances à Arles, retour prévu à Avignon ce week-end",1
"Je suis en déplacement à Verdun, retour prévu à Bar-le-Duc",1
"En vacances à Dieppe, retour prévu à Rouen",1
"Je passe quelques jours à Sarreguemines, retour à Forbach ensuite",1
"Je suis à Bastia pour le moment, retour à Porto-Vecchio bientôt",1
"En déplacement à Épinal, retour prévu à Nancy demain",1
"Je reste à Concarneau pour l’instant, retour à Quimper ce soir",1
"En visite à Bergerac, je rentre sur Périgueux demain",1
"Je suis à Alençon pour une réunion, retour à Argentan",1
"En vacances à Brive-la-Gaillarde, retour prévu à Tulle",1
"Je suis en visite à Bourg-en-Bresse, retour à Mâcon demain",1
"Je passe quelques jours à Carpentras, retour à Avignon",1
"Je suis en déplacement à Montauban, retour à Toulouse demain",1
"En vacances à Vichy, retour prévu à Moulins",1
"Je reste à Guingamp pour le moment, retour prévu à Saint-Brieuc demain",1
"En visite à Compiègne, je rentre sur Noyon",1
"Je suis à Cahors pour le travail, retour à Gourdon demain",1
"En déplacement à Épinal, retour à Saint-Dié-des-Vosges",1
"Je passe quelques jours à Saint-Omer, retour à Dunkerque",1
"Je suis en vacances à Lannion, retour à Morlaix",1
"En déplacement pour le boulot à Amiens, mais je rentre à Beauvais ensuite",1
"Actuellement chez un ami à Dijon, retour prévu à Mâcon demain",1
"Je passe quelques jours à Marseille avant de retourner sur Arles",1
"Je suis en visite à Lyon, mais je prévois de rentrer sur Villeurbanne",1
"Je suis en déplacement à Pau, je rentre à Tarbes ensuite",1
"Actuellement en visite à Rennes, retour à Saint-Brieuc ce soir",1
"Je suis à Grenoble pour quelques jours, retour prévu à Chambéry ensuite",1
"En déplacement à Tours, je compte rentrer à Blois",1
"Je suis à Nice pour le travail, retour prévu à Menton demain",1
"Je passe quelques jours à Toulon, retour prévu à Marseille après-demain",1
"Je reste à Paris pour le moment, mais je rentre à Versailles bientôt",1
"En visite à La Rochelle, retour à Rochefort ce week-end",1
"Je suis à Nantes pour une réunion, retour à Angers ensuite",1
"En vacances à Strasbourg, retour à Colmar demain",1
"Je suis en visite à Nîmes, retour prévu à Avignon ce soir",1
"En déplacement à Poitiers, je rentre à Niort ensuite",1
"Je suis en vacances à Bordeaux, retour à Arcachon ensuite",1
"En visite à Lille, retour prévu à Dunkerque ce soir",1
"Actuellement à Limoges, je prévois de rentrer à Brive demain",1
"Je suis à Rouen pour quelques jours, retour prévu à Caen ce soir",1
"En visite à Dijon, retour à Chalon-sur-Saône prévu demain",1
"Je suis en déplacement à Amiens, retour prévu à Beauvais ce soir",1
"Je passe la journée à Perpignan, retour prévu à Carcassonne",1
"Je suis à Albi pour une conférence, retour à Castres ensuite",1
"En vacances à Cannes, retour prévu à Nice demain",1
"Je suis en visite à Lyon, retour prévu à Grenoble",1
"En déplacement à Saint-Étienne, je rentre à Lyon demain",1
"Je suis en visite à Metz, retour prévu à Nancy ce soir",1
"Actuellement en visite à Mont-de-Marsan, je rentre à Dax ensuite",1
"Je suis en déplacement à Lorient, retour prévu à Vannes ce soir",1
"En visite à Reims, retour prévu à Châlons demain",1
"Je passe quelques jours à Nevers, retour à Moulins ensuite",1
"Je suis en vacances à Bastia, retour prévu à Ajaccio demain",1
"Je reste à Pau pour l’instant, retour prévu à Tarbes ce soir",1
"En visite à Charleville-Mézières, retour prévu à Sedan demain",1
"Je suis à Clermont-Ferrand pour le travail, retour prévu à Moulins ensuite",1
"Actuellement en déplacement à Tours, retour prévu à Blois ce soir",1
"Je suis en visite à Bourges, retour prévu à Vierzon demain",1
"Je passe la journée à Bayonne, retour à Pau ensuite",1
"Je suis en déplacement à Orléans, retour à Blois demain",1
"En visite à Chartres, retour prévu à Dreux ce soir",1
"Je suis à Rennes pour une conférence, retour prévu à Saint-Malo demain",1
"Je suis en vacances à Saint-Nazaire, retour à Nantes ensuite",1
"En visite à Ajaccio, retour prévu à Bastia",1
"Actuellement à Amiens pour le travail, retour prévu à Beauvais ensuite",1
"Je passe quelques jours à Toulon, retour prévu à Marseille",1
"Je suis en déplacement à Thionville, retour prévu à Metz demain",1
"En vacances à Narbonne, retour prévu à Carcassonne",1
"Je suis à Alençon pour le travail, retour prévu à Argentan ensuite",1
"En visite à Montauban, retour à Toulouse demain",1
"Je suis en déplacement à Lannion, retour à Morlaix prévu demain",1
"Actuellement en visite à Poitiers, je rentre à Niort ensuite",1
"Je suis en déplacement à Besançon, retour prévu à Dole",1
"Je suis à Lorient pour quelques jours, retour prévu à Vannes",1
"En visite à Mulhouse, retour prévu à Colmar ce soir",1
"Je passe quelques jours à Lille, retour prévu à Roubaix",1
"Je suis en vacances à Arles, retour prévu à Nîmes",1
"Je suis en visite à Vichy, retour prévu à Moulins demain",1
"En déplacement à Périgueux, retour à Bergerac",1
"Je suis à Tarbes pour le travail, retour à Pau prévu demain",1
"En visite à Toulon, retour prévu à Marseille ce soir",1
"Actuellement à Paris pour une réunion, retour prévu à Versailles",1
"Je passe la semaine à Rouen, retour prévu à Caen",1
"Je suis en déplacement à Thonon-les-Bains, retour à Annecy",1
"Je suis en vacances à Avignon, retour à Aix-en-Provence",1
"En déplacement à Troyes, retour à Sens",1
"Je suis à Saint-Malo pour quelques jours, retour prévu à Rennes",1
"Actuellement à Reims pour le travail, retour à Châlons",1
"En visite à Pau, retour prévu à Tarbes demain",1
"Je suis en vacances à Saint-Quentin, retour prévu à Laon",1
"Je passe quelques jours à Le Havre, retour à Rouen ensuite",1
"Je suis en déplacement à Bayonne, retour prévu à Pau",1
"En vacances à Nancy, retour prévu à Metz",1
"Je suis à Bourges pour le travail, retour prévu à Vierzon",1
"En visite à Tours, retour prévu à Blois",1
"Actuellement en visite à Ajaccio, retour prévu à Bastia",1
"Je suis à Quimper pour quelques jours, retour prévu à Brest",1
"En vacances à Toulouse, retour prévu à Albi",1
"En visite à Limoges, retour à Brive",1
"Je suis en déplacement à Châteauroux, retour à Bourges",1
"Je passe la semaine à Orléans, retour prévu à Blois",1
"Je suis à Lorient pour une conférence, retour prévu à Vannes",1
"En vacances à La Rochelle, retour prévu à Rochefort",1
"Je suis en déplacement à Calais, retour à Boulogne-sur-Mer",1
"Actuellement en visite à Metz, retour à Nancy",1
"Je suis en vacances à Angoulême, retour prévu à Cognac",1
"En visite à Perpignan, retour à Narbonne",1
"Je passe la journée à Brest, retour à Morlaix",1
"Je suis en déplacement à Dieppe, retour à Rouen",1
"Actuellement en visite à Chambéry, retour à Grenoble",1
"En vacances à Brive, retour à Tulle",1
"Je suis en déplacement à Annemasse, retour à Thonon-les-Bains",1
"Actuellement en visite à Cannes, retour à Nice",1
"Je passe la semaine à Montluçon, retour prévu à Moulins",1
"Je suis à Mulhouse pour le travail, retour prévu à Colmar",1
"En visite à Dijon, retour prévu à Beaune",1
"Je suis à Alès pour quelques jours, retour à Nîmes",1
"En déplacement à Évreux, retour à Rouen",1
"Actuellement en visite à Lens, retour à Arras",1
"En vacances à Agen, retour prévu à Marmande",1
"Je suis à Angers pour le travail, retour à Saumur",1
"Je suis en déplacement à Morlaix, retour prévu à Brest",1
"En visite à Albi, retour prévu à Castres",1
"Je suis en vacances à Cognac, retour à Angoulême",1
"Je passe quelques jours à Tulle, retour à Brive",1
"Je suis en déplacement à Mende, retour à Rodez",1
"En vacances à Saintes, retour prévu à Rochefort",1
"Je suis à Pontoise pour une réunion, retour à Cergy",1
"Je suis en déplacement à Montargis, retour à Orléans",1
"En visite à Laon, retour prévu à Reims",1
"Je suis en vacances à Bergerac, retour à Périgueux",1
"Je passe la journée à Meaux, retour à Melun",1
"En déplacement à Guéret, retour à La Souterraine",1
"Actuellement en visite à Tarascon, retour à Avignon",1
"Je suis en vacances à Draguignan, retour à Fréjus",1
"En visite à Saint-Lô, retour à Coutances",1
"Actuellement à Oyonnax, retour prévu à Bourg-en-Bresse",1
"Je suis à Sète pour une conférence, retour prévu à Montpellier",1
"En visite à Alès, retour à Nîmes",1
"Je passe quelques jours à Châlons, retour à Reims",1
"Je suis en déplacement à Montélimar, retour à Valence",1
"Je suis en vacances à Figeac, retour à Cahors",1
"Je passe la semaine à Maubeuge, retour à Valenciennes",1
"En visite à Saint-Malo, retour à Rennes",1
"Actuellement en visite à Aurillac, retour à Figeac",1
"Je suis en déplacement à Lisieux, retour à Caen",1
"En vacances à Abbeville, retour à Amiens",1
"Je suis à Épinal pour quelques jours, retour à Nancy",1
"Actuellement à Villeneuve-sur-Lot, retour à Agen",1
"Je suis en déplacement à Haguenau, retour à Strasbourg",1
"Je passe quelques jours à Auxerre, retour à Sens",1
"Je suis en vacances à Issoire, retour à Clermont-Ferrand",1
"En déplacement à Mont-de-Marsan, retour à Dax",1
"Actuellement en visite à Cholet, retour à Angers",1
"Je suis en vacances à Forbach, retour à Metz",1
"En visite à Saint-Dizier, retour à Châlons",1
"Je passe quelques jours à Redon, retour à Rennes",1
"En vacances à Sarreguemines, retour à Forbach",1
"Je suis à Beauvais pour quelques jours, retour à Creil",1
"En déplacement à Saint-Amand, retour à Valenciennes",1
"Je vais au supermarché pour faire quelques courses",0
"Je dois aller chercher le courrier à la boîte aux lettres",0
"Demain, j’ai rendez-vous chez le dentiste en ville",0
"Je vais acheter du pain à la boulangerie en bas de la rue",0
"Elle prépare un dîner spécial pour ses amis ce soir",0
"Il travaille de la maison aujourd’hui",0
"Je vais passer du temps au parc cet après-midi",0
"Nous prévoyons une journée de détente à la plage",0
"Je vais m'entraîner à la salle de sport ce soir",0
"Je dois passer à la pharmacie avant de rentrer",0
"Elle va rester chez elle pour se reposer",0
"Nous allons au cinéma voir un film ce soir",0
"Je vais réorganiser mon appartement ce week-end",0
"Il prévoit de faire un barbecue avec ses voisins",0
"Elle va jardiner dans son jardin tout l'après-midi",0
"Je vais travailler sur un projet personnel aujourd’hui",0
"Il doit assister à une réunion en ligne",0
"Nous allons simplement nous détendre à la maison",0
"Elle a prévu de cuisiner un nouveau plat",0
"Je vais lire un livre que j’ai commencé",0
"Il va faire une sieste pour récupérer un peu",0
"Elle va rendre visite à sa voisine dans l’immeuble",0
"Nous avons prévu de jouer à des jeux de société",0
"Je vais me promener autour du quartier",0
"Il va passer l'après-midi à peindre",0
"Elle prépare un gâteau pour l'anniversaire de sa sœur",0
"Nous allons passer la soirée en famille",0
"Je vais acheter quelques plantes pour mon balcon",0
"Elle prévoit de revoir ses cours avant l’examen",0
"Je vais simplement profiter du soleil dans le jardin",0
"Il veut essayer une nouvelle recette pour le dîner",0
"Elle va tricoter pour se détendre",0
"Nous avons décidé de rester au calme à la maison",0
"Il va travailler sur son blog cet après-midi",0
"Je vais regarder une série que j’ai commencée",0
"Elle va passer du temps à organiser ses affaires",0
"Nous allons passer la journée chez des amis",0
"Je vais essayer un nouveau sport demain",0
"Il prévoit de ranger son bureau",0
"Elle va repeindre sa chambre ce week-end",0
"Nous allons faire une journée de détente",0
"Je vais me concentrer sur mes études cette semaine",0
"Il va se reposer toute la matinée",0
"Elle a prévu de faire un tri dans ses vêtements",0
"Je vais essayer une nouvelle activité manuelle",0
"Nous allons cuisiner ensemble pour le plaisir",0
"Il va explorer un nouveau jeu vidéo",0
"Elle va faire des recherches pour son projet",0
"Je vais rester à la maison et regarder un film",0
"Nous allons faire un puzzle en famille",0
"Elle va préparer une soupe maison",0
"Je vais me détendre dans un bain chaud",0
"Il a prévu de lire plusieurs articles",0
"Nous allons jardiner un peu cet après-midi",0
"Elle va peindre des meubles",0
"Je vais faire un peu de méditation",0
"Il va faire des exercices de relaxation",0
"Elle prévoit d’écrire dans son journal",0
"Nous allons faire un grand ménage",0
"Je vais me consacrer à mes hobbies",0
"Il va faire du tri dans ses documents",0
"Elle va se concentrer sur sa musique",0
"Nous allons passer la journée à la maison",0
"Je vais essayer de nouvelles techniques de dessin",0
"Elle va écouter de la musique toute l'après-midi",0
"Nous allons prendre le temps de cuisiner",0
"Il va lire un magazine qu’il a acheté",0
"Elle va passer l’après-midi à écrire",0
"Je vais me faire un masque facial",0
"Nous allons jouer au ping-pong dans le garage",0
"Elle va faire une séance de yoga",0
"Il prévoit de passer la soirée à regarder des films",0
"Nous allons ranger le grenier ce week-end",0
"Elle prévoit de faire une promenade en forêt",0
"Je vais organiser ma bibliothèque",0
"Il va se lancer dans un nouveau projet créatif",0
"Elle va coudre des rideaux pour sa chambre",0
"Nous allons passer du temps au bord de la piscine",0
"Il va lire un journal pour se détendre",0
"Elle prévoit de faire une manucure maison",0
"Nous allons essayer une recette de pain",0
"Je vais jouer de la guitare cet après-midi",0
"Elle va écouter un podcast pour se relaxer",0
"Il va organiser son espace de travail",0
"Nous allons jouer aux cartes entre amis",0
"Elle prévoit de nettoyer son aquarium",0
"Je vais m'occuper des plantes",0
"Il va se concentrer sur ses recherches",0
"Elle va repeindre le salon",0
"Nous allons essayer de nouvelles danses",0
"Je vais tester de nouvelles techniques de pâtisserie",0
"Il prévoit de faire une pause café en terrasse",0
"Elle va faire des coloriages pour se détendre",0
"Nous allons lire ensemble ce soir",0
"Je vais réaménager la cuisine",0
"Elle va essayer de nouvelles coiffures",0
"Il va écouter de la musique classique",0
"Nous allons dessiner des paysages",0
"Je vais jardiner ce week-end",0
"Elle va tricoter des accessoires",0
"Il prévoit de cuisiner une tarte",0
"Nous allons lire des bandes dessinées",0
"Elle va faire des exercices de respiration",0
"Je vais faire des mots croisés",0
"Il va peindre des aquarelles",0
"Elle prévoit de faire des DIY",0
"Nous allons regarder des documentaires",0
"Je vais m'étirer un peu",0
"Elle va organiser une soirée jeux",0
"Il va faire des miniatures",0
"Nous allons écrire des poèmes",0
"Elle va essayer des recettes de desserts",0
"Je vais rénover un vieux meuble",0
"Il prévoit de faire une randonnée locale",0
"Elle va travailler son accent en anglais",0
"Nous allons visionner des vieilles vidéos",0
"Je vais organiser des albums photos",0
"Elle va peindre un tableau",0
"Il va jouer aux échecs",0
"Nous allons écrire une chanson",0
"Elle va planter des fleurs",0
"Je vais essayer un nouveau maquillage",0
"Il prévoit de s’entraîner à jongler",0
"Nous allons faire des expériences de science",0
"Elle va organiser un coin lecture",0
"Je vais m'exercer au piano",0
"Il va observer les oiseaux",0
"Nous allons composer des mélodies",0
"Elle va faire un bain de pieds relaxant",0
"Je vais lire un roman fantastique",0
"Il va travailler sa calligraphie",0
"Nous allons créer des photomontages",0
"Elle va organiser ses affaires de couture",0
"Je vais faire des essais de photographie",0
"Il prévoit de faire des exercices de mémoire",0
"Elle va essayer des recettes végétariennes",0
"Nous allons tricoter des pulls",0
"Je vais bricoler une étagère",0
"Elle va faire des exercices de dessin",0
"Il va planter des légumes",0
"Nous allons créer un jardin de fleurs",0
"Elle prévoit de s'entraîner à la poterie",0
"Je vais organiser mon armoire",0
"Il va écouter des vinyles",0
"Nous allons écrire un roman",0
"Elle va faire des arrangements floraux",0
"Je vais composer une nouvelle mélodie",0
"Il prévoit de faire des puzzles",0
"Elle va tricoter un châle",0
"Nous allons faire des expériences culinaires",0
"Je vais passer l’après-midi à méditer",0
"Elle va organiser ses bijoux",0
"Il va apprendre des accords de guitare",0
"Nous allons essayer de nouvelles recettes",0
"Elle va peindre des coquillages",0
"Je vais nettoyer ma voiture",0
"Il prévoit de ranger son garage",0
"Elle va faire des exercices de stretching",0
"Nous allons cuisiner des cookies",0
"Je vais faire des smoothies",0
"Elle va organiser son matériel d’art",0
"Il va assembler des maquettes",0
"Nous allons écrire des lettres",0
"Elle va décorer son bureau",0
"Je vais écouter des podcasts sur la nature",0
"Il prévoit de faire des exercices de vocabulaire",0
"Elle va s’entraîner à la broderie",0
"Nous allons faire des cartes postales",0
"Je vais préparer une playlist musicale",0
"Elle va organiser son agenda",0
"Il va essayer un nouveau sport en salle",0
"Nous allons visionner des vieux films",0
"Elle va dessiner des mandalas",0
"Je vais bricoler un cadre photo",0
"Je vais faire une balade au parc cet après-midi.",0
"Il souhaite explorer les ruelles du quartier avec ses amis.",0
"Elle adore passer ses week-ends à flâner dans les musées.",0
"Nous allons au marché demain matin pour acheter des fruits.",0
"Ils prévoient d’organiser un dîner chez eux ce samedi.",0
"Elle va faire une promenade dans les jardins du centre-ville.",0
"Il s'est inscrit pour une séance de sport en plein air demain.",0
"On se retrouve tous au café à côté pour discuter.",0
"Je vais voir ma famille pour un déjeuner tranquille.",0
"Elle veut visiter la bibliothèque pour trouver de nouveaux livres.",0
"Ils organisent un barbecue dans leur jardin dimanche prochain.",0
"Je compte passer l’après-midi à peindre dans mon atelier.",0
"Nous allons explorer le quartier à la recherche de nouvelles boutiques.",0
"Il veut aller pêcher au bord du lac avec ses enfants.",0
"Elle souhaite s'installer au parc pour lire un livre.",0
"Ils vont au cinéma ce soir pour voir un nouveau film.",0
"Elle veut assister à un concert en plein air dans sa ville.",0
"Il a prévu d'aller au marché pour acheter des légumes frais.",0
"On se retrouve tous au parc pour un pique-nique.",0
"Elle envisage de visiter un musée dans sa ville demain.",0
"Nous allons participer à un atelier de poterie ce week-end.",0
"Elle adore se promener dans les rues et prendre des photos.",0
"Je vais faire une randonnée dans la forêt près de chez moi.",0
"Il va à la piscine pour faire quelques longueurs.",0
"Elle prévoit de passer la journée à cuisiner de nouvelles recettes.",0
"Ils organisent une soirée jeux de société chez eux.",0
"On va visiter la galerie d’art au centre-ville.",0
"Elle souhaite assister à une exposition de peinture locale.",0
"Il prévoit de se rendre à la bibliothèque pour étudier.",0
"Nous allons nous installer dans un café pour travailler ensemble.",0
"Elle aime faire du shopping dans les petites boutiques locales.",0
"Ils vont explorer les ruines historiques de leur quartier.",0
"Je vais profiter de l'après-midi pour faire du jardinage.",0
"Elle prévoit de se rendre à une brocante pour trouver des objets uniques.",0
"Ils veulent essayer de nouvelles recettes ce soir.",0
"Nous allons passer du temps dans un parc naturel près de la ville.",0
"Elle va participer à une séance de yoga en extérieur.",0
"Il prévoit de passer du temps avec ses grands-parents ce week-end.",0
"Elle veut se rendre à une foire artisanale locale.",0
"Nous allons découvrir les restaurants autour de chez nous.",0
"Ils prévoient une balade en bateau sur le lac.",0
"Je vais me rendre au café en bas de la rue pour lire un peu.",0
"Elle prévoit de participer à un atelier de photographie en ville.",0
"Il va jouer au tennis avec ses amis cet après-midi.",0
"Ils se retrouveront pour un pique-nique dans leur jardin.",0
"Elle veut essayer un cours de cuisine ce week-end.",0
"Nous allons découvrir de nouveaux sentiers de randonnée.",0
"Il prévoit de passer la soirée à jouer de la guitare.",0
"Elle va faire du vélo autour du quartier pour se détendre.",0
"Ils organisent un tournoi de jeux vidéo chez eux.",0
"Nous allons assister à une projection de film en plein air.",0
"Elle envisage de tester un nouveau café dans le quartier.",0
"Il veut passer du temps avec sa famille au bord du lac.",0
"Ils vont observer les étoiles dans le parc local.",0
"Je vais me promener dans le centre-ville pour explorer.",0
"Elle va passer la soirée à faire du yoga dans son jardin.",0
"Nous allons faire un pique-nique à la plage près de chez nous.",0
"Il prévoit de passer une soirée tranquille chez lui.",0
"Ils vont découvrir des produits artisanaux au marché.",0
"Elle va prendre des photos de la ville pendant la nuit.",0
"Nous allons faire une balade en forêt dimanche matin.",0
"Il prévoit de visiter une galerie d’art ce week-end.",0
"Ils vont observer les oiseaux dans la réserve naturelle locale.",0
"Elle souhaite essayer un atelier de peinture dans son quartier.",0
"Nous allons passer l’après-midi au parc à jouer au frisbee.",0
"Elle va explorer les alentours de sa ville pour trouver des coins sympas.",0
"Ils vont se retrouver pour un brunch dans un café local.",0
"Il prévoit de passer du temps dans son jardin pour bricoler.",0
"Elle veut visiter une librairie pour trouver de nouveaux livres.",0
"Nous allons découvrir de nouvelles pistes cyclables en ville.",0
"Elle prévoit de passer la soirée à regarder des films.",0
"Ils vont préparer un grand repas de famille chez eux.",0
"Elle va faire une randonnée pour explorer la nature environnante.",0
"Il souhaite aller pêcher avec son frère ce week-end.",0
"Nous allons participer à un tournoi de pétanque au parc.",0
"Elle veut passer du temps à jardiner chez elle.",0
"Ils vont découvrir les parcs aux alentours avec leurs chiens.",0
"Il prévoit de passer une journée de détente à lire.",0
"Elle envisage de faire des activités manuelles pour se détendre.",0
"Ils vont essayer un cours de poterie en ville.",0
"Elle veut passer du temps à découvrir les boutiques locales.",0
"Nous allons faire un barbecue dans notre jardin.",0
"Il prévoit de découvrir des recettes de cuisine locales.",0
"Ils vont se retrouver pour un café dans leur quartier.",0
"Elle va passer l'après-midi à faire du crochet.",0
"Nous allons observer les oiseaux dans la forêt.",0
"Elle prévoit de découvrir de nouvelles recettes de pâtisserie.",0
"Il va faire du vélo pour explorer les chemins autour de chez lui.",0
"Elle veut organiser un brunch avec ses amis dans son jardin.",0
"Ils vont passer la soirée à écouter de la musique chez eux.",0
"Nous allons faire une randonnée jusqu’au sommet de la colline.",0
"Elle veut passer un moment au spa pour se détendre.",0
"Ils vont préparer un repas pour leurs voisins.",0
"Elle va faire du yoga au lever du soleil dans son jardin.",0
"Nous allons explorer les fermes locales pour acheter des produits frais.",0
"Il prévoit d'essayer un cours de dessin ce samedi.",0
"Elle va se promener avec ses amis pour prendre l'air.",0
"Nous allons passer la soirée à cuisiner en famille.",0
"Il prévoit de prendre des photos dans le quartier.",0
"Ils vont observer les étoiles dans la cour arrière.",0
"Elle veut passer un moment à méditer dans son jardin.",0
"Nous allons explorer les sentiers de randonnée autour de la ville.",0
"Elle va passer du temps à faire de la peinture dans son atelier.",0
"Ils vont se retrouver pour une soirée cinéma chez eux.",0
"Elle veut assister à une soirée poésie dans son quartier.",0
"Nous allons participer à un festival de musique en ville.",0
"Il prévoit de faire du canoë sur le lac du coin.",0
"Ils vont organiser un tournoi de badminton dans le parc.",0
"Elle veut découvrir un café avec de la musique live.",0
"Nous allons explorer la ville pour trouver des fresques murales.",0
"Elle va faire du shopping dans les marchés locaux.",0
"Ils prévoient de passer la journée en famille à cuisiner.",0
"Elle va essayer un cours de chant dans son quartier.",0
"Nous allons découvrir les musées gratuits de la ville.",0
"Ils vont observer la faune locale dans le parc.",0
"Elle prévoit de faire des randonnées en forêt cet été.",0
"Nous allons essayer un atelier de dessin au musée local.",0
"Ils vont se réunir pour une soirée karaoké chez eux.",0
"Elle va se promener dans le parc pour écouter de la musique.",0
"Nous allons faire un tour dans les boutiques vintage de la ville.",0
"Il prévoit d'essayer un nouveau sport ce week-end.",0
"Elle veut passer un moment à regarder le coucher de soleil.",0
"Ils vont cuisiner ensemble pour un grand repas.",0
"Elle prévoit de visiter une expo photo dans sa ville.",0
"Nous allons participer à un festival de films en plein air.",0
"Ils vont découvrir les marchés nocturnes de la région.",0
"Elle veut organiser une soirée jeux de société.",0
"Nous allons faire du vélo dans les bois pour une balade.",0
"Elle prévoit de se relaxer avec un bon livre au parc.",0
"Ils vont préparer un brunch pour toute la famille.",0
"Elle veut passer l'après-midi à jouer du piano.",0
"Nous allons observer les papillons dans le parc floral.",0
"Elle va explorer la forêt pour ramasser des champignons.",0
"Ils vont passer la soirée à lire chacun dans leur coin.",0
"Elle prévoit de faire une promenade au bord du lac.",0
"Nous allons nous installer sur la plage pour une journée détente.",0
"Ils vont organiser un pique-nique avec des amis au parc.",0
"Elle veut faire une journée nature dans la montagne.",0
"Nous allons essayer un cours de poterie dans la région.",0
"Elle veut participer à un club de lecture dans son quartier.",0
"Nous allons faire une balade à cheval dans la campagne.",0
"Elle veut passer du temps à cuisiner des plats traditionnels.",0
"Ils vont explorer les ruines de la vieille ville.",0
"Elle prévoit de faire une marche au bord de la rivière.",0
"Nous allons faire une randonnée dans les collines environnantes.",0
"Elle va faire du sport en plein air pour se dépenser.",0
"Ils vont organiser une fête pour leurs voisins.",0
"Elle prévoit de visiter des ateliers d'artistes locaux.",0
"Nous allons explorer les chemins de campagne à vélo.",0
"Elle va observer les poissons dans la rivière.",0
"Ils vont faire du kayak sur la rivière ce week-end.",0
"Elle prévoit d'essayer des recettes de saison pour cuisiner.",0
"Nous allons nous retrouver pour une soirée conte au village.",0
"Elle veut passer la journée à faire de la céramique.",0
"Ils vont faire un feu de camp au bord du lac.",0
"Elle va faire une balade en bateau autour de l'île.",0
"Nous allons nous retrouver pour un après-midi de pêche.",0
"Elle prévoit de faire du canoë dans le lac.",0
"Ils vont passer l’après-midi à observer la nature.",0
"Elle prévoit de faire un gâteau au chocolat pour l'anniversaire de sa sœur.",0
"Nous allons essayer un nouveau restaurant en ville ce soir.",0
"Il veut peindre sa chambre en bleu pour changer d’ambiance.",0
"Ils comptent passer le week-end à jouer aux échecs.",0
"Elle aime passer ses après-midis à tricoter dans le salon.",0
"Je vais préparer un pique-nique pour notre sortie au parc demain.",0
"Il prévoit de réorganiser ses livres par couleur dans sa bibliothèque.",0
"Nous allons jardiner tout le samedi pour préparer le printemps.",0
"Elle pense acheter des fleurs pour la terrasse.",0
"Il souhaite passer l’après-midi à apprendre la guitare.",0
"On se retrouve au marché pour acheter des produits locaux.",0
"Elle prévoit de faire une séance de sport en extérieur.",0
"Il veut essayer une nouvelle recette de tarte salée ce soir.",0
"Nous avons réservé une table pour dîner en amoureux.",0
"Ils vont décorer la maison pour la fête d’anniversaire.",0
"Elle adore faire du shopping dans le quartier le samedi matin.",0
"Il va passer la journée à organiser son bureau.",0
"Nous avons prévu une soirée film à la maison.",0
"Elle veut installer un hamac dans son jardin.",0
"Ils vont passer le dimanche à cuisiner en famille.",0
"Il prévoit de nettoyer son garage pendant le week-end.",0
"Elle va au marché aux fleurs pour acheter des plantes.",0
"Nous allons bricoler pour fabriquer une étagère.",0
"Ils prévoient de faire une soirée jeux de société.",0
"Elle souhaite passer du temps à organiser son dressing.",0
"Il va se promener dans le parc pour se changer les idées.",0
"Nous avons prévu de rester chez nous et de se reposer.",0
"Elle veut réorganiser les meubles de sa chambre.",0
"Il passe son dimanche à préparer ses repas pour la semaine.",0
"Ils vont faire un barbecue dans leur jardin samedi.",0
"Elle prévoit de participer à un atelier de peinture.",0
"Il veut passer l’après-midi à lire au soleil.",0
"Nous allons installer une balançoire pour les enfants.",0
"Elle aime passer son temps libre à faire du crochet.",0
"Il veut passer l’après-midi à écouter de la musique.",0
"Ils prévoient de jouer au badminton dans le parc.",0
"Elle a prévu de cuisiner pour ses amis ce soir.",0
"Il souhaite passer une soirée à apprendre la photographie.",0
"Nous allons nous retrouver pour un brunch au café.",0
"Elle veut faire des achats pour décorer sa chambre.",0
"Il a décidé de passer la journée à dessiner.",0
"Ils vont organiser une soirée karaoke chez eux.",0
"Elle prévoit de faire du yoga dans son jardin.",0
"Il veut passer du temps à réparer sa voiture.",0
"Nous allons prendre un café ensemble ce matin.",0
"Elle veut faire des recherches sur l’histoire de sa ville.",0
"Ils vont passer l’après-midi à faire des puzzles.",0
"Il prévoit de s’entraîner pour un marathon.",0
"Elle va acheter de nouveaux vêtements ce week-end.",0
"Nous allons faire une balade dans le parc animalier.",0
"Elle souhaite se détendre en faisant du coloriage.",0
"Ils vont préparer un grand repas de famille.",0
"Il prévoit d’organiser son coin de travail.",0
"Elle veut passer la journée à dessiner dans un parc.",0
"Nous allons essayer des recettes de pâtisserie.",0
"Elle veut faire une séance de méditation en plein air.",0
"Ils vont passer la soirée à écouter des disques vinyles.",0
"Il prévoit d’apprendre des techniques de poterie.",0
"Elle aime observer les oiseaux depuis son jardin.",0
"Nous allons explorer de nouveaux sentiers de randonnée.",0
"Ils comptent passer du temps avec leurs animaux.",0
"Elle veut organiser une soirée dégustation de vins.",0
"Il prévoit de peindre un tableau pour son salon.",0
"Elle va se reposer dans son jardin avec un bon livre.",0
"Ils vont se retrouver pour une soirée de jeux.",0
"Elle veut installer des lumières dans son jardin.",0
"Nous avons prévu de faire des pancakes au petit-déjeuner.",0
"Il va se promener avec son chien dans le quartier.",0
"Elle aime passer du temps à jardiner.",0
"Nous allons essayer une nouvelle machine à café.",0
"Il prévoit de restaurer un vieux meuble.",0
"Elle veut fabriquer des décorations pour sa maison.",0
"Ils vont écouter un concert dans un bar local.",0
"Elle veut apprendre de nouvelles recettes de cuisine.",0
"Nous allons décorer la maison pour Noël.",0
"Il prévoit d’aller au marché pour acheter des fruits.",0
"Elle va installer un coin lecture dans son salon.",0
"Ils vont organiser une fête d’anniversaire.",0
"Elle prévoit de se reposer dans un spa.",0
"Nous allons passer du temps à jouer au tennis.",0
"Il veut installer des étagères dans sa cuisine.",0
"Elle va faire des emplettes pour sa garde-robe.",0
"Ils vont tester des vins locaux.",0
"Elle prévoit d’aller à un cours de peinture.",0
"Nous allons essayer de nouvelles recettes de pain.",0
"Il veut prendre des photos de la nature environnante.",0
"Ils vont passer la journée à explorer les marchés.",0
"Elle veut passer du temps à regarder des films.",0
"Il prévoit de réparer son vélo ce week-end.",0
"Nous allons organiser un après-midi de peinture.",0
"Elle aime essayer de nouvelles idées de décoration.",0
"Ils vont organiser un dîner pour leurs amis.",0
"Elle prévoit de lire des romans policiers.",0
"Il veut améliorer ses compétences en cuisine.",0
"Elle va essayer un cours de danse moderne.",0
"Ils vont participer à un quiz au bar local.",0
"Nous allons visiter une galerie d’art.",0
"Elle aime passer du temps à bricoler des meubles.",0
"Il prévoit d’installer un banc dans son jardin.",0
"Ils vont faire du yoga au lever du soleil.",0
"Elle veut organiser une soirée thématique.",0
"Nous allons essayer des huiles essentielles.",0
"Il prévoit de faire du tricot ce samedi.",0
"Elle veut passer un moment à écrire des poèmes.",0
"Ils vont installer une table de ping-pong.",0
"Elle aime se promener dans le quartier pour découvrir des boutiques.",0
"Nous allons tester de nouveaux cocktails.",0
"Il prévoit de construire une cabane pour les enfants.",0
"Elle va essayer une nouvelle technique de peinture.",0
"Ils vont organiser un tournoi de jeux vidéo.",0
"Elle veut essayer de nouvelles variétés de thé.",0
"Nous allons faire du sport ensemble ce week-end.",0
"Il prévoit de lire des livres de science-fiction.",0
"Elle va s’installer dans un café pour travailler.",0
"Ils vont passer la soirée à cuisiner.",0
"Elle prévoit de peindre un tableau pour sa chambre.",0
"Nous allons tester un nouveau restaurant végétarien.",0
"Il veut apprendre à jouer du piano.",0
"Elle va prendre un cours de poterie.",0
"Ils vont faire une balade à vélo.",0
"Nous allons jouer à des jeux de société.",0
"Elle prévoit de faire un album photo.",0
"Il veut passer un moment à observer les étoiles.",0
"Elle va écrire un journal.",0
"Ils vont organiser une soirée pyjama.",0
"Elle prévoit de faire du tri dans ses vêtements.",0
"Nous allons essayer une recette de gâteau.",0
"Il veut préparer un smoothie.",0
"Elle va dessiner dans son carnet.",0
"Ils vont se retrouver pour un café.",0
"Elle veut faire une session photo.",0
"Nous allons lire des livres ensemble.",0
"Il prévoit de cuisiner pour ses amis.",0
"Elle va acheter des plantes pour son jardin.",0
"Ils vont faire une promenade en forêt.",0
"Elle prévoit de peindre des tasses.",0
"Nous allons nous reposer à la maison.",0
"Il veut écouter un nouvel album.",0
"Elle va écrire des lettres à ses amis.",0
"Ils vont organiser un repas de famille.",0
"Elle veut essayer des masques de beauté maison.",0
"Nous allons faire des coloriages.",0
"Il prévoit de se lancer dans la broderie.",0
"Elle va s’occuper de ses plantes.",0
"Ils vont observer des oiseaux dans leur jardin.",0
"Elle prévoit de cuisiner des plats sains.",0
"Nous allons tester une nouvelle recette de pizza.",0
"Il veut regarder des documentaires.",0
"Elle va jouer à un jeu vidéo.",0
"Ils vont faire une playlist musicale.",0
"Elle prévoit de faire une collection de timbres.",0
"Nous allons écouter de la musique ensemble.",0
"Il veut tester un nouveau produit de soin.",0
"Elle va faire un tri dans ses affaires.",0
"Ils vont prendre des photos de la nature.",0
"Elle prévoit de customiser des vêtements.",0
"Nous allons essayer un nouvel instrument.",0
"Il veut dessiner des paysages.",0
"Elle va peindre des cailloux.",0
"Ils vont cuisiner ensemble.",0
"Elle prévoit de tricoter un pull.",0
"Nous allons organiser une journée de détente.",0
"Il veut faire du bénévolat dans une association.",0
"Elle va s’occuper de ses animaux.",0
"Ils vont faire des puzzles.",0
"Elle prévoit de faire une décoration murale.",0
"Nous allons passer la journée à faire du sport.",0
"Il veut essayer un cours de dessin.",0
"Elle va préparer des smoothies.",0
"Ils vont organiser une soirée cinéma.",0
